#
# There is insufficient memory for the Java Runtime Environment to continue.
# Native memory allocation (malloc) failed to allocate 494416 bytes for Chunk::new
# Possible reasons:
#   The system is out of physical RAM or swap space
#   The process is running with CompressedOops enabled, and the Java Heap may be blocking the growth of the native heap
# Possible solutions:
#   Reduce memory load on the system
#   Increase physical memory or swap space
#   Check if swap backing store is full
#   Decrease Java heap size (-Xmx/-Xms)
#   Decrease number of Java threads
#   Decrease Java thread stack sizes (-Xss)
#   Set larger code cache with -XX:ReservedCodeCacheSize=
#   JVM is running with Unscaled Compressed Oops mode in which the Java heap is
#     placed in the first 4GB address space. The Java Heap base address is the
#     maximum limit for the native heap growth. Please use -XX:HeapBaseMinAddress
#     to set the Java Heap base and to place the Java Heap above 4GB virtual address.
# This output file may be truncated or incomplete.
#
#  Out of Memory Error (arena.cpp:189), pid=15464, tid=34480
#
# JRE version: Java(TM) SE Runtime Environment (17.0.12+8) (build 17.0.12+8-LTS-286)
# Java VM: Java HotSpot(TM) 64-Bit Server VM (17.0.12+8-LTS-286, mixed mode, sharing, tiered, compressed oops, compressed class ptrs, g1 gc, windows-amd64)
# No core dump will be written. Minidumps are not enabled by default on client versions of Windows
#

---------------  S U M M A R Y ------------

Command Line: -XX:MaxMetaspaceSize=512m --add-opens=java.base/java.util=ALL-UNNAMED --add-opens=java.base/java.lang=ALL-UNNAMED --add-opens=java.base/java.lang.invoke=ALL-UNNAMED --add-opens=java.prefs/java.util.prefs=ALL-UNNAMED --add-opens=java.base/java.nio.charset=ALL-UNNAMED --add-opens=java.base/java.net=ALL-UNNAMED --add-opens=java.base/java.util.concurrent.atomic=ALL-UNNAMED -Xmx2048m -Dfile.encoding=windows-1252 -Duser.country=AE -Duser.language=en -Duser.variant -javaagent:C:\Users\hp\.gradle\wrapper\dists\gradle-8.8-all\6gdy1pgp427xkqcjbxw3ylt6h\gradle-8.8\lib\agents\gradle-instrumentation-agent-8.8.jar org.gradle.launcher.daemon.bootstrap.GradleDaemon 8.8

Host: 12th Gen Intel(R) Core(TM) i7-1255U, 12 cores, 7G,  Windows 11 , 64 bit Build 26100 (10.0.26100.3912)
Time: Wed Jun 11 16:27:43 2025 E. Africa Standard Time elapsed time: 163.360961 seconds (0d 0h 2m 43s)

---------------  T H R E A D  ---------------

Current thread (0x00000163e7d84bb0):  JavaThread "C2 CompilerThread0" daemon [_thread_in_native, id=34480, stack(0x0000004632300000,0x0000004632400000)]


Current CompileTask:
C2: 163362 10829   !   4       java.util.concurrent.locks.AbstractQueuedSynchronizer::acquire (407 bytes)

Stack: [0x0000004632300000,0x0000004632400000]
Native frames: (J=compiled Java code, j=interpreted, Vv=VM code, C=native code)
V  [jvm.dll+0x67a04a]
V  [jvm.dll+0x7da4ed]
V  [jvm.dll+0x7dbe33]
V  [jvm.dll+0x7dc4a3]
V  [jvm.dll+0x24508f]
V  [jvm.dll+0xab773]
V  [jvm.dll+0xabd3c]
V  [jvm.dll+0x361b9f]
V  [jvm.dll+0x32c431]
V  [jvm.dll+0x32b8ca]
V  [jvm.dll+0x21683f]
V  [jvm.dll+0x215c6f]
V  [jvm.dll+0x1a2960]
V  [jvm.dll+0x22610b]
V  [jvm.dll+0x2242ab]
V  [jvm.dll+0x79075c]
V  [jvm.dll+0x78abea]
V  [jvm.dll+0x678f35]
C  [ucrtbase.dll+0x37b0]
C  [KERNEL32.DLL+0x2e8d7]
C  [ntdll.dll+0x9c5dc]


---------------  P R O C E S S  ---------------

Threads class SMR info:
_java_thread_list=0x00000163ee4991b0, length=187, elements={
0x00000163c8efa4b0, 0x00000163e7d617a0, 0x00000163e7d62270, 0x00000163e7d78980,
0x00000163e7d7b260, 0x00000163e7d7bb30, 0x00000163e7d7cba0, 0x00000163e7d84bb0,
0x00000163e7d8e430, 0x00000163e7dbf330, 0x00000163ec0c2d80, 0x00000163ec0c37a0,
0x00000163ec0c1e50, 0x00000163ec0c3cb0, 0x00000163ec0c2360, 0x00000163ec0c50f0,
0x00000163ec0c1940, 0x00000163ec0c2870, 0x00000163ec0c3290, 0x00000163ec0c4be0,
0x00000163ec0c41c0, 0x00000163ec0c46d0, 0x00000163ecc03370, 0x00000163ecc02e60,
0x00000163ecc03880, 0x00000163ecc00af0, 0x00000163ecc000d0, 0x00000163ecc02950,
0x00000163ecc03d90, 0x00000163ecc01510, 0x00000163ecc005e0, 0x00000163ecc042a0,
0x00000163ecc047b0, 0x00000163ecc02440, 0x00000163ecc01a20, 0x00000163ecc051d0,
0x00000163ecc01f30, 0x00000163ecc06610, 0x00000163ecc06b20, 0x00000163ecc07a50,
0x00000163ecc056e0, 0x00000163ecc07030, 0x00000163ecc06100, 0x00000163ecc07540,
0x00000163ee341350, 0x00000163ee340930, 0x00000163ee341860, 0x00000163ee340e40,
0x00000163ee33efe0, 0x00000163ee33fa00, 0x00000163ee33f4f0, 0x00000163ee33e0b0,
0x00000163ee33e5c0, 0x00000163ee33ead0, 0x00000163ee342280, 0x00000163ee3436c0,
0x00000163ee3431b0, 0x00000163ee342790, 0x00000163ee342ca0, 0x00000163ee33ff10,
0x00000163ee343bd0, 0x00000163ee340420, 0x00000163ee344b00, 0x00000163ee345520,
0x00000163ee3440e0, 0x00000163ee3445f0, 0x00000163ee345010, 0x00000163ee345a30,
0x00000163effccef0, 0x00000163effcb090, 0x00000163effcc4d0, 0x00000163effcc9e0,
0x00000163effcbfc0, 0x00000163effcd910, 0x00000163effcde20, 0x00000163effce330,
0x00000163effcb5a0, 0x00000163effcf260, 0x00000163effcbab0, 0x00000163effd2500,
0x00000163effd1ff0, 0x00000163effcf770, 0x00000163effcfc80, 0x00000163effd0190,
0x00000163effd2a10, 0x00000163effd06a0, 0x00000163effd0bb0, 0x00000163effd10c0,
0x00000163effd15d0, 0x00000163effd1ae0, 0x00000163efbf13f0, 0x00000163efbf1e10,
0x00000163efbf1900, 0x00000163efbf2320, 0x00000163efbefaa0, 0x00000163efbf09d0,
0x00000163efbeffb0, 0x00000163efbef590, 0x00000163efbef080, 0x00000163efbf04c0,
0x00000163efbf3760, 0x00000163efbf2d40, 0x00000163efbf3250, 0x00000163efbf3c70,
0x00000163efbf4180, 0x00000163efbf4690, 0x00000163efbf0ee0, 0x00000163efbf4ba0,
0x00000163efbf5ad0, 0x00000163efbf5fe0, 0x00000163efbf50b0, 0x00000163efbf55c0,
0x00000163efbf64f0, 0x00000163efbf6a00, 0x00000163eec7cf70, 0x00000163eec7d480,
0x00000163eec7c550, 0x00000163eec7ca60, 0x00000163eec7e3b0, 0x00000163eec7e8c0,
0x00000163eec7d990, 0x00000163eec7f7f0, 0x00000163eec7dea0, 0x00000163eec7edd0,
0x00000163eec7f2e0, 0x00000163eec7c040, 0x00000163efedbcd0, 0x00000163efedc1e0,
0x00000163efeda380, 0x00000163efed8f40, 0x00000163efeda890, 0x00000163efedada0,
0x00000163efed9450, 0x00000163efedb2b0, 0x00000163efed9e70, 0x00000163efedb7c0,
0x00000163efedc6f0, 0x00000163efedcc00, 0x00000163efedd110, 0x00000163efed9960,
0x00000163efede040, 0x00000163efede550, 0x00000163efedea60, 0x00000163efedf990,
0x00000163efedef70, 0x00000163efedfea0, 0x00000163efee03b0, 0x00000163efedf480,
0x00000163efee08c0, 0x00000163efedd620, 0x00000163efeddb30, 0x00000163eda45490,
0x00000163eda468d0, 0x00000163eda44560, 0x00000163eda43b40, 0x00000163eda43120,
0x00000163eda46de0, 0x00000163eda463c0, 0x00000163eda44050, 0x00000163eda44a70,
0x00000163eda459a0, 0x00000163eda44f80, 0x00000163eda45eb0, 0x00000163eda43630,
0x00000163eda48220, 0x00000163eda47800, 0x00000163eda49660, 0x00000163eda4a590,
0x00000163eda4aaa0, 0x00000163eda48730, 0x00000163eda47d10, 0x00000163eda472f0,
0x00000163eda49150, 0x00000163eda49b70, 0x00000163eda4a080, 0x00000163ee6e42e0,
0x00000163ee6e2ea0, 0x00000163ee6e33b0, 0x00000163ee6e1f70, 0x00000163ee6e38c0,
0x00000163ee6e1550, 0x00000163ee6e1040, 0x00000163ee6e3dd0, 0x00000163ee6e1a60,
0x00000163ee6e0b30, 0x00000163ee6e5210, 0x00000163ee6e5720
}

Java Threads: ( => current thread )
  0x00000163c8efa4b0 JavaThread "main" [_thread_blocked, id=12308, stack(0x0000004631600000,0x0000004631700000)]
  0x00000163e7d617a0 JavaThread "Reference Handler" daemon [_thread_blocked, id=24828, stack(0x0000004631d00000,0x0000004631e00000)]
  0x00000163e7d62270 JavaThread "Finalizer" daemon [_thread_blocked, id=13964, stack(0x0000004631e00000,0x0000004631f00000)]
  0x00000163e7d78980 JavaThread "Signal Dispatcher" daemon [_thread_blocked, id=18864, stack(0x0000004631f00000,0x0000004632000000)]
  0x00000163e7d7b260 JavaThread "Attach Listener" daemon [_thread_blocked, id=13912, stack(0x0000004632000000,0x0000004632100000)]
  0x00000163e7d7bb30 JavaThread "Service Thread" daemon [_thread_blocked, id=20944, stack(0x0000004632100000,0x0000004632200000)]
  0x00000163e7d7cba0 JavaThread "Monitor Deflation Thread" daemon [_thread_blocked, id=32884, stack(0x0000004632200000,0x0000004632300000)]
=>0x00000163e7d84bb0 JavaThread "C2 CompilerThread0" daemon [_thread_in_native, id=34480, stack(0x0000004632300000,0x0000004632400000)]
  0x00000163e7d8e430 JavaThread "C1 CompilerThread0" daemon [_thread_in_vm, id=22908, stack(0x0000004632400000,0x0000004632500000)]
  0x00000163e7dbf330 JavaThread "Sweeper thread" daemon [_thread_blocked, id=26316, stack(0x0000004632500000,0x0000004632600000)]
  0x00000163ec0c2d80 JavaThread "Common-Cleaner" daemon [_thread_blocked, id=34896, stack(0x0000004632600000,0x0000004632700000)]
  0x00000163ec0c37a0 JavaThread "Notification Thread" daemon [_thread_blocked, id=28412, stack(0x0000004632700000,0x0000004632800000)]
  0x00000163ec0c1e50 JavaThread "Daemon health stats" [_thread_blocked, id=31084, stack(0x0000004632d00000,0x0000004632e00000)]
  0x00000163ec0c3cb0 JavaThread "Incoming local TCP Connector on port 58300" [_thread_in_native, id=24952, stack(0x0000004632e00000,0x0000004632f00000)]
  0x00000163ec0c2360 JavaThread "Daemon periodic checks" [_thread_blocked, id=4548, stack(0x0000004632f00000,0x0000004633000000)]
  0x00000163ec0c50f0 JavaThread "Daemon" [_thread_blocked, id=34552, stack(0x0000004633000000,0x0000004633100000)]
  0x00000163ec0c1940 JavaThread "Handler for socket connection from /127.0.0.1:58300 to /127.0.0.1:58302" [_thread_in_native, id=26260, stack(0x0000004633100000,0x0000004633200000)]
  0x00000163ec0c2870 JavaThread "Cancel handler" [_thread_blocked, id=33712, stack(0x0000004633200000,0x0000004633300000)]
  0x00000163ec0c3290 JavaThread "Daemon worker" [_thread_blocked, id=35236, stack(0x0000004633300000,0x0000004633400000)]
  0x00000163ec0c4be0 JavaThread "Asynchronous log dispatcher for DefaultDaemonConnection: socket connection from /127.0.0.1:58300 to /127.0.0.1:58302" [_thread_blocked, id=17296, stack(0x0000004633400000,0x0000004633500000)]
  0x00000163ec0c41c0 JavaThread "Stdin handler" [_thread_blocked, id=10556, stack(0x0000004633500000,0x0000004633600000)]
  0x00000163ec0c46d0 JavaThread "Daemon client event forwarder" [_thread_blocked, id=35032, stack(0x0000004633600000,0x0000004633700000)]
  0x00000163ecc03370 JavaThread "Cache worker for journal cache (C:\Users\hp\.gradle\caches\journal-1)" [_thread_blocked, id=7068, stack(0x0000004633c00000,0x0000004633d00000)]
  0x00000163ecc02e60 JavaThread "File lock request listener" [_thread_in_native, id=29472, stack(0x0000004633d00000,0x0000004633e00000)]
  0x00000163ecc03880 JavaThread "Cache worker for file hash cache (C:\Users\hp\.gradle\caches\8.8\fileHashes)" [_thread_in_native, id=32468, stack(0x0000004633e00000,0x0000004633f00000)]
  0x00000163ecc00af0 JavaThread "Cache worker for file hash cache (C:\Users\hp\Desktop\Projects\Wakala\wakala\wakala_app\android\.gradle\8.8\fileHashes)" [_thread_blocked, id=33372, stack(0x0000004633f00000,0x0000004634000000)]
  0x00000163ecc000d0 JavaThread "File lock release action executor" [_thread_blocked, id=35248, stack(0x0000004634000000,0x0000004634100000)]
  0x00000163ecc02950 JavaThread "File watcher server" daemon [_thread_in_native, id=20028, stack(0x0000004634100000,0x0000004634200000)]
  0x00000163ecc03d90 JavaThread "File watcher consumer" daemon [_thread_blocked, id=32492, stack(0x0000004634200000,0x0000004634300000)]
  0x00000163ecc01510 JavaThread "Cache worker for checksums cache (C:\Users\hp\Desktop\Projects\Wakala\wakala\wakala_app\android\.gradle\8.8\checksums)" [_thread_blocked, id=33776, stack(0x0000004634500000,0x0000004634600000)]
  0x00000163ecc005e0 JavaThread "Cache worker for file content cache (C:\Users\hp\.gradle\caches\8.8\fileContent)" [_thread_blocked, id=8088, stack(0x0000004634600000,0x0000004634700000)]
  0x00000163ecc042a0 JavaThread "Cache worker for cache directory md-rule (C:\Users\hp\.gradle\caches\8.8\md-rule)" [_thread_blocked, id=31900, stack(0x0000004634700000,0x0000004634800000)]
  0x00000163ecc047b0 JavaThread "Cache worker for cache directory md-supplier (C:\Users\hp\.gradle\caches\8.8\md-supplier)" [_thread_blocked, id=6932, stack(0x0000004634800000,0x0000004634900000)]
  0x00000163ecc02440 JavaThread "jar transforms" [_thread_blocked, id=34976, stack(0x0000004634900000,0x0000004634a00000)]
  0x00000163ecc01a20 JavaThread "Unconstrained build operations" [_thread_blocked, id=25536, stack(0x0000004634a00000,0x0000004634b00000)]
  0x00000163ecc051d0 JavaThread "Unconstrained build operations Thread 2" [_thread_blocked, id=11312, stack(0x0000004634b00000,0x0000004634c00000)]
  0x00000163ecc01f30 JavaThread "Unconstrained build operations Thread 3" [_thread_blocked, id=35560, stack(0x0000004634c00000,0x0000004634d00000)]
  0x00000163ecc06610 JavaThread "Unconstrained build operations Thread 4" [_thread_blocked, id=25656, stack(0x0000004634d00000,0x0000004634e00000)]
  0x00000163ecc06b20 JavaThread "Unconstrained build operations Thread 5" [_thread_blocked, id=29308, stack(0x0000004634e00000,0x0000004634f00000)]
  0x00000163ecc07a50 JavaThread "Unconstrained build operations Thread 6" [_thread_blocked, id=29440, stack(0x0000004634f00000,0x0000004635000000)]
  0x00000163ecc056e0 JavaThread "Cache worker for Build Output Cleanup Cache (C:\Users\hp\Desktop\Projects\Wakala\wakala\wakala_app\node_modules\@react-native\gradle-plugin\.gradle\buildOutputCleanup)" [_thread_blocked, id=29404, stack(0x0000004635000000,0x0000004635100000)]
  0x00000163ecc07030 JavaThread "Unconstrained build operations Thread 7" [_thread_blocked, id=34220, stack(0x0000004635300000,0x0000004635400000)]
  0x00000163ecc06100 JavaThread "Unconstrained build operations Thread 8" [_thread_blocked, id=34412, stack(0x0000004635400000,0x0000004635500000)]
  0x00000163ecc07540 JavaThread "Unconstrained build operations Thread 9" [_thread_blocked, id=34640, stack(0x0000004635500000,0x0000004635600000)]
  0x00000163ee341350 JavaThread "Unconstrained build operations Thread 10" [_thread_blocked, id=9580, stack(0x0000004635600000,0x0000004635700000)]
  0x00000163ee340930 JavaThread "Unconstrained build operations Thread 11" [_thread_blocked, id=16852, stack(0x0000004635700000,0x0000004635800000)]
  0x00000163ee341860 JavaThread "Unconstrained build operations Thread 12" [_thread_blocked, id=8384, stack(0x0000004635800000,0x0000004635900000)]
  0x00000163ee340e40 JavaThread "Unconstrained build operations Thread 13" [_thread_blocked, id=8292, stack(0x0000004635900000,0x0000004635a00000)]
  0x00000163ee33efe0 JavaThread "Unconstrained build operations Thread 14" [_thread_blocked, id=27828, stack(0x0000004635a00000,0x0000004635b00000)]
  0x00000163ee33fa00 JavaThread "Unconstrained build operations Thread 15" [_thread_blocked, id=34268, stack(0x0000004635b00000,0x0000004635c00000)]
  0x00000163ee33f4f0 JavaThread "Unconstrained build operations Thread 16" [_thread_blocked, id=1572, stack(0x0000004635c00000,0x0000004635d00000)]
  0x00000163ee33e0b0 JavaThread "Unconstrained build operations Thread 17" [_thread_blocked, id=23008, stack(0x0000004635d00000,0x0000004635e00000)]
  0x00000163ee33e5c0 JavaThread "Unconstrained build operations Thread 18" [_thread_blocked, id=21836, stack(0x0000004635e00000,0x0000004635f00000)]
  0x00000163ee33ead0 JavaThread "Unconstrained build operations Thread 19" [_thread_blocked, id=35540, stack(0x0000004635f00000,0x0000004636000000)]
  0x00000163ee342280 JavaThread "Unconstrained build operations Thread 20" [_thread_blocked, id=21532, stack(0x0000004636000000,0x0000004636100000)]
  0x00000163ee3436c0 JavaThread "Unconstrained build operations Thread 21" [_thread_blocked, id=12260, stack(0x0000004636100000,0x0000004636200000)]
  0x00000163ee3431b0 JavaThread "Unconstrained build operations Thread 22" [_thread_blocked, id=26360, stack(0x0000004636200000,0x0000004636300000)]
  0x00000163ee342790 JavaThread "Unconstrained build operations Thread 23" [_thread_blocked, id=32244, stack(0x0000004636300000,0x0000004636400000)]
  0x00000163ee342ca0 JavaThread "Unconstrained build operations Thread 24" [_thread_blocked, id=25400, stack(0x0000004636400000,0x0000004636500000)]
  0x00000163ee33ff10 JavaThread "Unconstrained build operations Thread 25" [_thread_blocked, id=24240, stack(0x0000004636500000,0x0000004636600000)]
  0x00000163ee343bd0 JavaThread "Unconstrained build operations Thread 26" [_thread_blocked, id=31992, stack(0x0000004636600000,0x0000004636700000)]
  0x00000163ee340420 JavaThread "Unconstrained build operations Thread 27" [_thread_blocked, id=30700, stack(0x0000004636700000,0x0000004636800000)]
  0x00000163ee344b00 JavaThread "Unconstrained build operations Thread 28" [_thread_blocked, id=34708, stack(0x0000004636800000,0x0000004636900000)]
  0x00000163ee345520 JavaThread "Unconstrained build operations Thread 29" [_thread_blocked, id=27832, stack(0x0000004636900000,0x0000004636a00000)]
  0x00000163ee3440e0 JavaThread "Unconstrained build operations Thread 30" [_thread_blocked, id=26300, stack(0x0000004636a00000,0x0000004636b00000)]
  0x00000163ee3445f0 JavaThread "Unconstrained build operations Thread 31" [_thread_blocked, id=19760, stack(0x0000004636b00000,0x0000004636c00000)]
  0x00000163ee345010 JavaThread "Unconstrained build operations Thread 32" [_thread_blocked, id=31760, stack(0x0000004636c00000,0x0000004636d00000)]
  0x00000163ee345a30 JavaThread "Unconstrained build operations Thread 33" [_thread_blocked, id=25384, stack(0x0000004636d00000,0x0000004636e00000)]
  0x00000163effccef0 JavaThread "Unconstrained build operations Thread 34" [_thread_blocked, id=27728, stack(0x0000004636e00000,0x0000004636f00000)]
  0x00000163effcb090 JavaThread "Unconstrained build operations Thread 35" [_thread_blocked, id=7476, stack(0x0000004636f00000,0x0000004637000000)]
  0x00000163effcc4d0 JavaThread "Unconstrained build operations Thread 36" [_thread_blocked, id=1584, stack(0x0000004637000000,0x0000004637100000)]
  0x00000163effcc9e0 JavaThread "Unconstrained build operations Thread 37" [_thread_blocked, id=33628, stack(0x0000004637100000,0x0000004637200000)]
  0x00000163effcbfc0 JavaThread "Unconstrained build operations Thread 38" [_thread_blocked, id=24896, stack(0x0000004637200000,0x0000004637300000)]
  0x00000163effcd910 JavaThread "Unconstrained build operations Thread 39" [_thread_in_native, id=34392, stack(0x0000004637300000,0x0000004637400000)]
  0x00000163effcde20 JavaThread "Memory manager" [_thread_blocked, id=30296, stack(0x0000004637400000,0x0000004637500000)]
  0x00000163effce330 JavaThread "build event listener" [_thread_blocked, id=16216, stack(0x0000004637500000,0x0000004637600000)]
  0x00000163effcb5a0 JavaThread "ForkJoinPool.commonPool-worker-1" daemon [_thread_blocked, id=2004, stack(0x0000004631300000,0x0000004631400000)]
  0x00000163effcf260 JavaThread "ForkJoinPool.commonPool-worker-2" daemon [_thread_blocked, id=23064, stack(0x0000004631400000,0x0000004631500000)]
  0x00000163effcbab0 JavaThread "ForkJoinPool.commonPool-worker-3" daemon [_thread_blocked, id=24816, stack(0x0000004631500000,0x0000004631600000)]
  0x00000163effd2500 JavaThread "ForkJoinPool.commonPool-worker-4" daemon [_thread_blocked, id=23372, stack(0x0000004637600000,0x0000004637700000)]
  0x00000163effd1ff0 JavaThread "ForkJoinPool.commonPool-worker-5" daemon [_thread_blocked, id=12568, stack(0x0000004637700000,0x0000004637800000)]
  0x00000163effcf770 JavaThread "ForkJoinPool.commonPool-worker-6" daemon [_thread_blocked, id=33072, stack(0x0000004637800000,0x0000004637900000)]
  0x00000163effcfc80 JavaThread "ForkJoinPool.commonPool-worker-7" daemon [_thread_blocked, id=29788, stack(0x0000004637900000,0x0000004637a00000)]
  0x00000163effd0190 JavaThread "ForkJoinPool.commonPool-worker-8" daemon [_thread_blocked, id=35536, stack(0x0000004637a00000,0x0000004637b00000)]
  0x00000163effd2a10 JavaThread "ForkJoinPool.commonPool-worker-9" daemon [_thread_blocked, id=32104, stack(0x0000004637b00000,0x0000004637c00000)]
  0x00000163effd06a0 JavaThread "ForkJoinPool.commonPool-worker-11" daemon [_thread_blocked, id=31792, stack(0x0000004637c00000,0x0000004637d00000)]
  0x00000163effd0bb0 JavaThread "ForkJoinPool.commonPool-worker-10" daemon [_thread_blocked, id=31288, stack(0x0000004637d00000,0x0000004637e00000)]
  0x00000163effd10c0 JavaThread "Exec process" [_thread_blocked, id=32392, stack(0x0000004637e00000,0x0000004637f00000)]
  0x00000163effd15d0 JavaThread "Exec process Thread 2" [_thread_blocked, id=12812, stack(0x0000004637f00000,0x0000004638000000)]
  0x00000163effd1ae0 JavaThread "Exec process Thread 3" [_thread_blocked, id=28772, stack(0x0000004638000000,0x0000004638100000)]
  0x00000163efbf13f0 JavaThread "included builds" [_thread_blocked, id=16164, stack(0x0000004638100000,0x0000004638200000)]
  0x00000163efbf1e10 JavaThread "Execution worker" [_thread_blocked, id=26792, stack(0x0000004638200000,0x0000004638300000)]
  0x00000163efbf1900 JavaThread "Execution worker Thread 2" [_thread_blocked, id=24692, stack(0x0000004638300000,0x0000004638400000)]
  0x00000163efbf2320 JavaThread "Execution worker Thread 3" [_thread_blocked, id=2124, stack(0x0000004638400000,0x0000004638500000)]
  0x00000163efbefaa0 JavaThread "Execution worker Thread 4" [_thread_blocked, id=22452, stack(0x0000004638500000,0x0000004638600000)]
  0x00000163efbf09d0 JavaThread "Execution worker Thread 5" [_thread_blocked, id=29176, stack(0x0000004638600000,0x0000004638700000)]
  0x00000163efbeffb0 JavaThread "Execution worker Thread 6" [_thread_blocked, id=20124, stack(0x0000004638700000,0x0000004638800000)]
  0x00000163efbef590 JavaThread "Execution worker Thread 7" [_thread_blocked, id=24668, stack(0x0000004638800000,0x0000004638900000)]
  0x00000163efbef080 JavaThread "Execution worker Thread 8" [_thread_blocked, id=7972, stack(0x0000004638900000,0x0000004638a00000)]
  0x00000163efbf04c0 JavaThread "Execution worker Thread 9" [_thread_blocked, id=3508, stack(0x0000004638a00000,0x0000004638b00000)]
  0x00000163efbf3760 JavaThread "Execution worker Thread 10" [_thread_blocked, id=26416, stack(0x0000004638b00000,0x0000004638c00000)]
  0x00000163efbf2d40 JavaThread "Execution worker Thread 11" [_thread_blocked, id=10716, stack(0x0000004638c00000,0x0000004638d00000)]
  0x00000163efbf3250 JavaThread "Cache worker for execution history cache (C:\Users\hp\Desktop\Projects\Wakala\wakala\wakala_app\node_modules\@react-native\gradle-plugin\.gradle\8.8\executionHistory)" [_thread_blocked, id=10732, stack(0x0000004638d00000,0x0000004638e00000)]
  0x00000163efbf3c70 JavaThread "Unconstrained build operations Thread 40" [_thread_blocked, id=22944, stack(0x0000004638e00000,0x0000004638f00000)]
  0x00000163efbf4180 JavaThread "Unconstrained build operations Thread 41" [_thread_blocked, id=3884, stack(0x0000004638f00000,0x0000004639000000)]
  0x00000163efbf4690 JavaThread "Unconstrained build operations Thread 42" [_thread_blocked, id=21940, stack(0x0000004639000000,0x0000004639100000)]
  0x00000163efbf0ee0 JavaThread "Unconstrained build operations Thread 43" [_thread_blocked, id=34476, stack(0x0000004639100000,0x0000004639200000)]
  0x00000163efbf4ba0 JavaThread "Unconstrained build operations Thread 44" [_thread_blocked, id=32068, stack(0x0000004639200000,0x0000004639300000)]
  0x00000163efbf5ad0 JavaThread "Unconstrained build operations Thread 45" [_thread_blocked, id=34192, stack(0x0000004639300000,0x0000004639400000)]
  0x00000163efbf5fe0 JavaThread "Unconstrained build operations Thread 46" [_thread_blocked, id=13672, stack(0x0000004639400000,0x0000004639500000)]
  0x00000163efbf50b0 JavaThread "Unconstrained build operations Thread 47" [_thread_blocked, id=33744, stack(0x0000004639500000,0x0000004639600000)]
  0x00000163efbf55c0 JavaThread "Unconstrained build operations Thread 48" [_thread_blocked, id=33832, stack(0x0000004639600000,0x0000004639700000)]
  0x00000163efbf64f0 JavaThread "Unconstrained build operations Thread 49" [_thread_blocked, id=23836, stack(0x0000004639700000,0x0000004639800000)]
  0x00000163efbf6a00 JavaThread "Unconstrained build operations Thread 50" [_thread_blocked, id=35424, stack(0x0000004639800000,0x0000004639900000)]
  0x00000163eec7cf70 JavaThread "Unconstrained build operations Thread 51" [_thread_blocked, id=24456, stack(0x0000004639900000,0x0000004639a00000)]
  0x00000163eec7d480 JavaThread "Unconstrained build operations Thread 52" [_thread_blocked, id=1004, stack(0x0000004639a00000,0x0000004639b00000)]
  0x00000163eec7c550 JavaThread "Unconstrained build operations Thread 53" [_thread_blocked, id=23148, stack(0x0000004639b00000,0x0000004639c00000)]
  0x00000163eec7ca60 JavaThread "Unconstrained build operations Thread 54" [_thread_blocked, id=34372, stack(0x0000004639c00000,0x0000004639d00000)]
  0x00000163eec7e3b0 JavaThread "Unconstrained build operations Thread 55" [_thread_blocked, id=12064, stack(0x0000004639d00000,0x0000004639e00000)]
  0x00000163eec7e8c0 JavaThread "Unconstrained build operations Thread 56" [_thread_blocked, id=33820, stack(0x0000004639e00000,0x0000004639f00000)]
  0x00000163eec7d990 JavaThread "Unconstrained build operations Thread 57" [_thread_blocked, id=26336, stack(0x0000004639f00000,0x000000463a000000)]
  0x00000163eec7f7f0 JavaThread "Unconstrained build operations Thread 58" [_thread_blocked, id=31188, stack(0x000000463a000000,0x000000463a100000)]
  0x00000163eec7dea0 JavaThread "Unconstrained build operations Thread 59" [_thread_blocked, id=25772, stack(0x000000463a100000,0x000000463a200000)]
  0x00000163eec7edd0 JavaThread "Unconstrained build operations Thread 60" [_thread_blocked, id=32192, stack(0x000000463a200000,0x000000463a300000)]
  0x00000163eec7f2e0 JavaThread "Unconstrained build operations Thread 61" [_thread_blocked, id=24568, stack(0x000000463a300000,0x000000463a400000)]
  0x00000163eec7c040 JavaThread "Unconstrained build operations Thread 62" [_thread_blocked, id=20844, stack(0x000000463a400000,0x000000463a500000)]
  0x00000163efedbcd0 JavaThread "Unconstrained build operations Thread 63" [_thread_blocked, id=27332, stack(0x000000463a500000,0x000000463a600000)]
  0x00000163efedc1e0 JavaThread "Unconstrained build operations Thread 64" [_thread_blocked, id=23468, stack(0x000000463a600000,0x000000463a700000)]
  0x00000163efeda380 JavaThread "Unconstrained build operations Thread 65" [_thread_blocked, id=25140, stack(0x000000463a700000,0x000000463a800000)]
  0x00000163efed8f40 JavaThread "Unconstrained build operations Thread 66" [_thread_blocked, id=31072, stack(0x000000463a800000,0x000000463a900000)]
  0x00000163efeda890 JavaThread "Unconstrained build operations Thread 67" [_thread_blocked, id=33924, stack(0x000000463a900000,0x000000463aa00000)]
  0x00000163efedada0 JavaThread "Unconstrained build operations Thread 68" [_thread_blocked, id=27544, stack(0x000000463aa00000,0x000000463ab00000)]
  0x00000163efed9450 JavaThread "Unconstrained build operations Thread 69" [_thread_blocked, id=35432, stack(0x000000463ab00000,0x000000463ac00000)]
  0x00000163efedb2b0 JavaThread "Unconstrained build operations Thread 70" [_thread_blocked, id=10284, stack(0x000000463ac00000,0x000000463ad00000)]
  0x00000163efed9e70 JavaThread "Unconstrained build operations Thread 71" [_thread_blocked, id=30828, stack(0x000000463ad00000,0x000000463ae00000)]
  0x00000163efedb7c0 JavaThread "Unconstrained build operations Thread 72" [_thread_blocked, id=28188, stack(0x000000463ae00000,0x000000463af00000)]
  0x00000163efedc6f0 JavaThread "Unconstrained build operations Thread 73" [_thread_blocked, id=14216, stack(0x000000463af00000,0x000000463b000000)]
  0x00000163efedcc00 JavaThread "Unconstrained build operations Thread 74" [_thread_blocked, id=27672, stack(0x000000463b000000,0x000000463b100000)]
  0x00000163efedd110 JavaThread "Unconstrained build operations Thread 75" [_thread_blocked, id=34324, stack(0x000000463b100000,0x000000463b200000)]
  0x00000163efed9960 JavaThread "Unconstrained build operations Thread 76" [_thread_blocked, id=14952, stack(0x000000463b200000,0x000000463b300000)]
  0x00000163efede040 JavaThread "Unconstrained build operations Thread 77" [_thread_blocked, id=15068, stack(0x000000463b300000,0x000000463b400000)]
  0x00000163efede550 JavaThread "Unconstrained build operations Thread 78" [_thread_blocked, id=34588, stack(0x000000463b400000,0x000000463b500000)]
  0x00000163efedea60 JavaThread "Unconstrained build operations Thread 79" [_thread_blocked, id=15664, stack(0x000000463b500000,0x000000463b600000)]
  0x00000163efedf990 JavaThread "Unconstrained build operations Thread 80" [_thread_blocked, id=34168, stack(0x000000463b600000,0x000000463b700000)]
  0x00000163efedef70 JavaThread "Unconstrained build operations Thread 81" [_thread_blocked, id=35728, stack(0x000000463b700000,0x000000463b800000)]
  0x00000163efedfea0 JavaThread "Unconstrained build operations Thread 82" [_thread_blocked, id=33284, stack(0x000000463b800000,0x000000463b900000)]
  0x00000163efee03b0 JavaThread "Unconstrained build operations Thread 83" [_thread_blocked, id=35660, stack(0x000000463b900000,0x000000463ba00000)]
  0x00000163efedf480 JavaThread "Unconstrained build operations Thread 84" [_thread_blocked, id=7172, stack(0x000000463ba00000,0x000000463bb00000)]
  0x00000163efee08c0 JavaThread "Unconstrained build operations Thread 85" [_thread_blocked, id=12804, stack(0x000000463bb00000,0x000000463bc00000)]
  0x00000163efedd620 JavaThread "Unconstrained build operations Thread 86" [_thread_blocked, id=23400, stack(0x000000463bc00000,0x000000463bd00000)]
  0x00000163efeddb30 JavaThread "Unconstrained build operations Thread 87" [_thread_blocked, id=28976, stack(0x000000463bd00000,0x000000463be00000)]
  0x00000163eda45490 JavaThread "Unconstrained build operations Thread 88" [_thread_blocked, id=26932, stack(0x000000463be00000,0x000000463bf00000)]
  0x00000163eda468d0 JavaThread "Unconstrained build operations Thread 89" [_thread_blocked, id=35308, stack(0x000000463bf00000,0x000000463c000000)]
  0x00000163eda44560 JavaThread "Unconstrained build operations Thread 90" [_thread_blocked, id=24908, stack(0x000000463c000000,0x000000463c100000)]
  0x00000163eda43b40 JavaThread "Unconstrained build operations Thread 91" [_thread_blocked, id=34384, stack(0x000000463c100000,0x000000463c200000)]
  0x00000163eda43120 JavaThread "Unconstrained build operations Thread 92" [_thread_blocked, id=18020, stack(0x000000463c200000,0x000000463c300000)]
  0x00000163eda46de0 JavaThread "Unconstrained build operations Thread 93" [_thread_blocked, id=20064, stack(0x000000463c300000,0x000000463c400000)]
  0x00000163eda463c0 JavaThread "Unconstrained build operations Thread 94" [_thread_blocked, id=21472, stack(0x000000463c400000,0x000000463c500000)]
  0x00000163eda44050 JavaThread "Unconstrained build operations Thread 95" [_thread_blocked, id=9572, stack(0x000000463c500000,0x000000463c600000)]
  0x00000163eda44a70 JavaThread "Unconstrained build operations Thread 96" [_thread_blocked, id=29620, stack(0x000000463c600000,0x000000463c700000)]
  0x00000163eda459a0 JavaThread "Unconstrained build operations Thread 97" [_thread_blocked, id=32948, stack(0x000000463c700000,0x000000463c800000)]
  0x00000163eda44f80 JavaThread "Unconstrained build operations Thread 98" [_thread_blocked, id=9436, stack(0x000000463c800000,0x000000463c900000)]
  0x00000163eda45eb0 JavaThread "Unconstrained build operations Thread 99" [_thread_blocked, id=22016, stack(0x000000463c900000,0x000000463ca00000)]
  0x00000163eda43630 JavaThread "Unconstrained build operations Thread 100" [_thread_blocked, id=34688, stack(0x000000463ca00000,0x000000463cb00000)]
  0x00000163eda48220 JavaThread "Unconstrained build operations Thread 101" [_thread_blocked, id=19640, stack(0x000000463cb00000,0x000000463cc00000)]
  0x00000163eda47800 JavaThread "Unconstrained build operations Thread 102" [_thread_blocked, id=35068, stack(0x000000463cc00000,0x000000463cd00000)]
  0x00000163eda49660 JavaThread "Unconstrained build operations Thread 103" [_thread_blocked, id=18832, stack(0x000000463cd00000,0x000000463ce00000)]
  0x00000163eda4a590 JavaThread "Unconstrained build operations Thread 104" [_thread_blocked, id=32012, stack(0x000000463ce00000,0x000000463cf00000)]
  0x00000163eda4aaa0 JavaThread "Unconstrained build operations Thread 105" [_thread_blocked, id=31980, stack(0x000000463cf00000,0x000000463d000000)]
  0x00000163eda48730 JavaThread "Unconstrained build operations Thread 106" [_thread_blocked, id=12740, stack(0x000000463d000000,0x000000463d100000)]
  0x00000163eda47d10 JavaThread "jar transforms Thread 2" [_thread_blocked, id=4696, stack(0x000000463d100000,0x000000463d200000)]
  0x00000163eda472f0 JavaThread "Cache worker for Build Output Cleanup Cache (C:\Users\hp\Desktop\Projects\Wakala\wakala\wakala_app\android\.gradle\buildOutputCleanup)" [_thread_blocked, id=35124, stack(0x000000463d200000,0x000000463d300000)]
  0x00000163eda49150 JavaThread "jar transforms Thread 3" [_thread_blocked, id=13136, stack(0x000000463d300000,0x000000463d400000)]
  0x00000163eda49b70 JavaThread "Unconstrained build operations Thread 107" [_thread_blocked, id=36052, stack(0x000000463d400000,0x000000463d500000)]
  0x00000163eda4a080 JavaThread "Unconstrained build operations Thread 108" [_thread_blocked, id=36056, stack(0x000000463d500000,0x000000463d600000)]
  0x00000163ee6e42e0 JavaThread "Unconstrained build operations Thread 109" [_thread_blocked, id=36060, stack(0x000000463d600000,0x000000463d700000)]
  0x00000163ee6e2ea0 JavaThread "Unconstrained build operations Thread 110" [_thread_blocked, id=36064, stack(0x000000463d700000,0x000000463d800000)]
  0x00000163ee6e33b0 JavaThread "Unconstrained build operations Thread 111" [_thread_blocked, id=36068, stack(0x000000463d800000,0x000000463d900000)]
  0x00000163ee6e1f70 JavaThread "Unconstrained build operations Thread 112" [_thread_blocked, id=36072, stack(0x000000463d900000,0x000000463da00000)]
  0x00000163ee6e38c0 JavaThread "Unconstrained build operations Thread 113" [_thread_blocked, id=36076, stack(0x000000463da00000,0x000000463db00000)]
  0x00000163ee6e1550 JavaThread "Unconstrained build operations Thread 114" [_thread_blocked, id=36080, stack(0x000000463db00000,0x000000463dc00000)]
  0x00000163ee6e1040 JavaThread "Unconstrained build operations Thread 115" [_thread_blocked, id=36084, stack(0x000000463dc00000,0x000000463dd00000)]
  0x00000163ee6e3dd0 JavaThread "Unconstrained build operations Thread 116" [_thread_blocked, id=36088, stack(0x000000463dd00000,0x000000463de00000)]
  0x00000163ee6e1a60 JavaThread "Unconstrained build operations Thread 117" [_thread_blocked, id=36112, stack(0x000000463de00000,0x000000463df00000)]
  0x00000163ee6e0b30 JavaThread "Unconstrained build operations Thread 118" [_thread_blocked, id=36116, stack(0x000000463df00000,0x000000463e000000)]
  0x00000163ee6e5210 JavaThread "Unconstrained build operations Thread 119" [_thread_blocked, id=36120, stack(0x000000463e000000,0x000000463e100000)]
  0x00000163ee6e5720 JavaThread "Unconstrained build operations Thread 120" [_thread_blocked, id=36124, stack(0x000000463e100000,0x000000463e200000)]

Other Threads:
  0x00000163e7d5b560 VMThread "VM Thread" [stack: 0x0000004631c00000,0x0000004631d00000] [id=27560]
  0x00000163ec174270 WatcherThread [stack: 0x0000004632800000,0x0000004632900000] [id=30976]
  0x00000163c8f58df0 GCTaskThread "GC Thread#0" [stack: 0x0000004631700000,0x0000004631800000] [id=21240]
  0x00000163ecbb78b0 GCTaskThread "GC Thread#1" [stack: 0x0000004632900000,0x0000004632a00000] [id=31488]
  0x00000163ec989540 GCTaskThread "GC Thread#2" [stack: 0x0000004632a00000,0x0000004632b00000] [id=34872]
  0x00000163eca82280 GCTaskThread "GC Thread#3" [stack: 0x0000004632b00000,0x0000004632c00000] [id=27568]
  0x00000163ece38c90 GCTaskThread "GC Thread#4" [stack: 0x0000004632c00000,0x0000004632d00000] [id=31036]
  0x00000163ecdffc50 GCTaskThread "GC Thread#5" [stack: 0x0000004633700000,0x0000004633800000] [id=12236]
  0x00000163ecdfff10 GCTaskThread "GC Thread#6" [stack: 0x0000004633800000,0x0000004633900000] [id=13816]
  0x00000163ece17020 GCTaskThread "GC Thread#7" [stack: 0x0000004633900000,0x0000004633a00000] [id=3472]
  0x00000163ece178f0 GCTaskThread "GC Thread#8" [stack: 0x0000004633a00000,0x0000004633b00000] [id=2864]
  0x00000163ec1838a0 GCTaskThread "GC Thread#9" [stack: 0x0000004633b00000,0x0000004633c00000] [id=18396]
  0x00000163c8f6ac60 ConcurrentGCThread "G1 Main Marker" [stack: 0x0000004631800000,0x0000004631900000] [id=32132]
  0x00000163c8f6b580 ConcurrentGCThread "G1 Conc#0" [stack: 0x0000004631900000,0x0000004631a00000] [id=24400]
  0x00000163ed6238b0 ConcurrentGCThread "G1 Conc#1" [stack: 0x0000004634300000,0x0000004634400000] [id=32668]
  0x00000163ed623b70 ConcurrentGCThread "G1 Conc#2" [stack: 0x0000004634400000,0x0000004634500000] [id=29508]
  0x00000163c8fb7650 ConcurrentGCThread "G1 Refine#0" [stack: 0x0000004631a00000,0x0000004631b00000] [id=28220]
  0x00000163e7c120d0 ConcurrentGCThread "G1 Service" [stack: 0x0000004631b00000,0x0000004631c00000] [id=27188]

Threads with active compile tasks:
C2 CompilerThread0   163484 10829   !   4       java.util.concurrent.locks.AbstractQueuedSynchronizer::acquire (407 bytes)

VM state: not at safepoint (normal execution)

VM Mutex/Monitor currently owned by a thread: None

Heap address: 0x0000000080000000, size: 2048 MB, Compressed Oops mode: 32-bit

CDS archive(s) mapped at: [0x0000016380000000-0x0000016380bd0000-0x0000016380bd0000), size 12386304, SharedBaseAddress: 0x0000016380000000, ArchiveRelocationMode: 1.
Compressed class space mapped at: 0x0000016381000000-0x000001639b000000, reserved size: 436207616
Narrow klass base: 0x0000016380000000, Narrow klass shift: 0, Narrow klass range: 0x100000000

GC Precious Log:
 CPUs: 12 total, 12 available
 Memory: 7860M
 Large Page Support: Disabled
 NUMA Support: Disabled
 Compressed Oops: Enabled (32-bit)
 Heap Region Size: 1M
 Heap Min Capacity: 8M
 Heap Initial Capacity: 124M
 Heap Max Capacity: 2G
 Pre-touch: Disabled
 Parallel Workers: 10
 Concurrent Workers: 3
 Concurrent Refinement Workers: 10
 Periodic GC: Disabled

Heap:
 garbage-first heap   total 225280K, used 115727K [0x0000000080000000, 0x0000000100000000)
  region size 1024K, 34 young (34816K), 4 survivors (4096K)
 Metaspace       used 70951K, committed 71744K, reserved 491520K
  class space    used 10022K, committed 10432K, reserved 425984K

Heap Regions: E=young(eden), S=young(survivor), O=old, HS=humongous(starts), HC=humongous(continues), CS=collection set, F=free, OA=open archive, CA=closed archive, TAMS=top-at-mark-start (previous, next)
|   0|0x0000000080000000, 0x0000000080100000, 0x0000000080100000|100%|HS|  |TAMS 0x0000000080100000, 0x0000000080000000| Complete 
|   1|0x0000000080100000, 0x0000000080200000, 0x0000000080200000|100%|HC|  |TAMS 0x0000000080200000, 0x0000000080100000| Complete 
|   2|0x0000000080200000, 0x0000000080300000, 0x0000000080300000|100%|HC|  |TAMS 0x0000000080300000, 0x0000000080200000| Complete 
|   3|0x0000000080300000, 0x0000000080400000, 0x0000000080400000|100%|HC|  |TAMS 0x0000000080400000, 0x0000000080300000| Complete 
|   4|0x0000000080400000, 0x0000000080500000, 0x0000000080500000|100%| O|  |TAMS 0x0000000080500000, 0x0000000080400000| Untracked 
|   5|0x0000000080500000, 0x0000000080600000, 0x0000000080600000|100%| O|  |TAMS 0x0000000080600000, 0x0000000080500000| Untracked 
|   6|0x0000000080600000, 0x0000000080700000, 0x0000000080700000|100%| O|  |TAMS 0x0000000080700000, 0x0000000080600000| Untracked 
|   7|0x0000000080700000, 0x0000000080800000, 0x0000000080800000|100%| O|  |TAMS 0x0000000080800000, 0x0000000080700000| Untracked 
|   8|0x0000000080800000, 0x0000000080900000, 0x0000000080900000|100%| O|  |TAMS 0x0000000080900000, 0x0000000080800000| Untracked 
|   9|0x0000000080900000, 0x0000000080a00000, 0x0000000080a00000|100%| O|  |TAMS 0x0000000080a00000, 0x0000000080900000| Untracked 
|  10|0x0000000080a00000, 0x0000000080b00000, 0x0000000080b00000|100%| O|  |TAMS 0x0000000080b00000, 0x0000000080a00000| Untracked 
|  11|0x0000000080b00000, 0x0000000080c00000, 0x0000000080c00000|100%|HS|  |TAMS 0x0000000080c00000, 0x0000000080b00000| Complete 
|  12|0x0000000080c00000, 0x0000000080d00000, 0x0000000080d00000|100%| O|  |TAMS 0x0000000080d00000, 0x0000000080c00000| Untracked 
|  13|0x0000000080d00000, 0x0000000080e00000, 0x0000000080e00000|100%| O|  |TAMS 0x0000000080e00000, 0x0000000080d00000| Untracked 
|  14|0x0000000080e00000, 0x0000000080f00000, 0x0000000080f00000|100%| O|  |TAMS 0x0000000080f00000, 0x0000000080e00000| Untracked 
|  15|0x0000000080f00000, 0x0000000081000000, 0x0000000081000000|100%| O|  |TAMS 0x0000000081000000, 0x0000000080f00000| Untracked 
|  16|0x0000000081000000, 0x0000000081100000, 0x0000000081100000|100%| O|  |TAMS 0x0000000081100000, 0x0000000081000000| Untracked 
|  17|0x0000000081100000, 0x0000000081200000, 0x0000000081200000|100%| O|  |TAMS 0x0000000081200000, 0x0000000081100000| Untracked 
|  18|0x0000000081200000, 0x0000000081300000, 0x0000000081300000|100%| O|  |TAMS 0x0000000081300000, 0x0000000081200000| Untracked 
|  19|0x0000000081300000, 0x00000000813a6200, 0x0000000081400000| 64%| O|  |TAMS 0x00000000813a6200, 0x0000000081300000| Untracked 
|  20|0x0000000081400000, 0x0000000081500000, 0x0000000081500000|100%| O|  |TAMS 0x0000000081500000, 0x0000000081400000| Untracked 
|  21|0x0000000081500000, 0x0000000081600000, 0x0000000081600000|100%| O|  |TAMS 0x0000000081600000, 0x0000000081500000| Untracked 
|  22|0x0000000081600000, 0x0000000081700000, 0x0000000081700000|100%| O|  |TAMS 0x0000000081700000, 0x0000000081600000| Untracked 
|  23|0x0000000081700000, 0x0000000081800000, 0x0000000081800000|100%| O|  |TAMS 0x0000000081800000, 0x0000000081700000| Untracked 
|  24|0x0000000081800000, 0x0000000081900000, 0x0000000081900000|100%| O|  |TAMS 0x0000000081900000, 0x0000000081800000| Untracked 
|  25|0x0000000081900000, 0x0000000081a00000, 0x0000000081a00000|100%| O|  |TAMS 0x0000000081a00000, 0x0000000081900000| Untracked 
|  26|0x0000000081a00000, 0x0000000081b00000, 0x0000000081b00000|100%| O|  |TAMS 0x0000000081b00000, 0x0000000081a00000| Untracked 
|  27|0x0000000081b00000, 0x0000000081c00000, 0x0000000081c00000|100%| O|  |TAMS 0x0000000081c00000, 0x0000000081b00000| Untracked 
|  28|0x0000000081c00000, 0x0000000081d00000, 0x0000000081d00000|100%| O|  |TAMS 0x0000000081d00000, 0x0000000081c00000| Untracked 
|  29|0x0000000081d00000, 0x0000000081e00000, 0x0000000081e00000|100%| O|  |TAMS 0x0000000081e00000, 0x0000000081d00000| Untracked 
|  30|0x0000000081e00000, 0x0000000081f00000, 0x0000000081f00000|100%| O|  |TAMS 0x0000000081f00000, 0x0000000081e00000| Untracked 
|  31|0x0000000081f00000, 0x0000000082000000, 0x0000000082000000|100%| O|  |TAMS 0x0000000082000000, 0x0000000081f00000| Untracked 
|  32|0x0000000082000000, 0x0000000082100000, 0x0000000082100000|100%| O|  |TAMS 0x0000000082100000, 0x0000000082000000| Untracked 
|  33|0x0000000082100000, 0x0000000082200000, 0x0000000082200000|100%| O|  |TAMS 0x0000000082200000, 0x0000000082100000| Untracked 
|  34|0x0000000082200000, 0x0000000082300000, 0x0000000082300000|100%| O|  |TAMS 0x0000000082300000, 0x0000000082200000| Untracked 
|  35|0x0000000082300000, 0x0000000082400000, 0x0000000082400000|100%| O|  |TAMS 0x0000000082400000, 0x0000000082300000| Untracked 
|  36|0x0000000082400000, 0x0000000082500000, 0x0000000082500000|100%| O|  |TAMS 0x0000000082500000, 0x0000000082400000| Untracked 
|  37|0x0000000082500000, 0x0000000082600000, 0x0000000082600000|100%| O|  |TAMS 0x0000000082500000, 0x0000000082500000| Untracked 
|  38|0x0000000082600000, 0x0000000082700000, 0x0000000082700000|100%| O|  |TAMS 0x0000000082700000, 0x0000000082600000| Untracked 
|  39|0x0000000082700000, 0x0000000082800000, 0x0000000082800000|100%| O|  |TAMS 0x0000000082800000, 0x0000000082700000| Untracked 
|  40|0x0000000082800000, 0x0000000082900000, 0x0000000082900000|100%| O|  |TAMS 0x0000000082900000, 0x0000000082800000| Untracked 
|  41|0x0000000082900000, 0x0000000082a00000, 0x0000000082a00000|100%| O|  |TAMS 0x0000000082a00000, 0x0000000082900000| Untracked 
|  42|0x0000000082a00000, 0x0000000082b00000, 0x0000000082b00000|100%| O|  |TAMS 0x0000000082b00000, 0x0000000082a00000| Untracked 
|  43|0x0000000082b00000, 0x0000000082c00000, 0x0000000082c00000|100%| O|  |TAMS 0x0000000082c00000, 0x0000000082b00000| Untracked 
|  44|0x0000000082c00000, 0x0000000082d00000, 0x0000000082d00000|100%|HS|  |TAMS 0x0000000082d00000, 0x0000000082c00000| Complete 
|  45|0x0000000082d00000, 0x0000000082e00000, 0x0000000082e00000|100%|HC|  |TAMS 0x0000000082e00000, 0x0000000082d00000| Complete 
|  46|0x0000000082e00000, 0x0000000082f00000, 0x0000000082f00000|100%|HS|  |TAMS 0x0000000082f00000, 0x0000000082e00000| Complete 
|  47|0x0000000082f00000, 0x0000000083000000, 0x0000000083000000|100%|HC|  |TAMS 0x0000000083000000, 0x0000000082f00000| Complete 
|  48|0x0000000083000000, 0x0000000083100000, 0x0000000083100000|100%|HS|  |TAMS 0x0000000083100000, 0x0000000083000000| Complete 
|  49|0x0000000083100000, 0x0000000083200000, 0x0000000083200000|100%|HC|  |TAMS 0x0000000083200000, 0x0000000083100000| Complete 
|  50|0x0000000083200000, 0x0000000083300000, 0x0000000083300000|100%|HC|  |TAMS 0x0000000083300000, 0x0000000083200000| Complete 
|  51|0x0000000083300000, 0x0000000083400000, 0x0000000083400000|100%|HC|  |TAMS 0x0000000083400000, 0x0000000083300000| Complete 
|  52|0x0000000083400000, 0x0000000083500000, 0x0000000083500000|100%|HS|  |TAMS 0x0000000083500000, 0x0000000083400000| Complete 
|  53|0x0000000083500000, 0x0000000083600000, 0x0000000083600000|100%|HC|  |TAMS 0x0000000083600000, 0x0000000083500000| Complete 
|  54|0x0000000083600000, 0x0000000083700000, 0x0000000083700000|100%|HC|  |TAMS 0x0000000083700000, 0x0000000083600000| Complete 
|  55|0x0000000083700000, 0x0000000083800000, 0x0000000083800000|100%|HC|  |TAMS 0x0000000083800000, 0x0000000083700000| Complete 
|  56|0x0000000083800000, 0x0000000083900000, 0x0000000083900000|100%| O|  |TAMS 0x0000000083800000, 0x0000000083800000| Untracked 
|  57|0x0000000083900000, 0x0000000083a00000, 0x0000000083a00000|100%| O|  |TAMS 0x0000000083a00000, 0x0000000083900000| Untracked 
|  58|0x0000000083a00000, 0x0000000083b00000, 0x0000000083b00000|100%| O|  |TAMS 0x0000000083b00000, 0x0000000083a00000| Untracked 
|  59|0x0000000083b00000, 0x0000000083c00000, 0x0000000083c00000|100%| O|  |TAMS 0x0000000083c00000, 0x0000000083b00000| Untracked 
|  60|0x0000000083c00000, 0x0000000083d00000, 0x0000000083d00000|100%| O|  |TAMS 0x0000000083d00000, 0x0000000083c00000| Untracked 
|  61|0x0000000083d00000, 0x0000000083e00000, 0x0000000083e00000|100%| O|  |TAMS 0x0000000083e00000, 0x0000000083d00000| Untracked 
|  62|0x0000000083e00000, 0x0000000083f00000, 0x0000000083f00000|100%| O|  |TAMS 0x0000000083f00000, 0x0000000083e00000| Untracked 
|  63|0x0000000083f00000, 0x0000000084000000, 0x0000000084000000|100%| O|  |TAMS 0x0000000084000000, 0x0000000083f00000| Untracked 
|  64|0x0000000084000000, 0x0000000084100000, 0x0000000084100000|100%| O|  |TAMS 0x0000000084000000, 0x0000000084000000| Untracked 
|  65|0x0000000084100000, 0x0000000084200000, 0x0000000084200000|100%| O|  |TAMS 0x0000000084147e00, 0x0000000084100000| Untracked 
|  66|0x0000000084200000, 0x0000000084300000, 0x0000000084300000|100%| O|  |TAMS 0x0000000084200000, 0x0000000084200000| Untracked 
|  67|0x0000000084300000, 0x0000000084400000, 0x0000000084400000|100%| O|  |TAMS 0x0000000084300000, 0x0000000084300000| Untracked 
|  68|0x0000000084400000, 0x0000000084500000, 0x0000000084500000|100%| O|  |TAMS 0x0000000084400000, 0x0000000084400000| Untracked 
|  69|0x0000000084500000, 0x0000000084600000, 0x0000000084600000|100%| O|  |TAMS 0x0000000084500000, 0x0000000084500000| Untracked 
|  70|0x0000000084600000, 0x0000000084700000, 0x0000000084700000|100%| O|  |TAMS 0x0000000084600000, 0x0000000084600000| Untracked 
|  71|0x0000000084700000, 0x0000000084800000, 0x0000000084800000|100%| O|  |TAMS 0x0000000084700000, 0x0000000084700000| Untracked 
|  72|0x0000000084800000, 0x0000000084900000, 0x0000000084900000|100%| O|  |TAMS 0x0000000084800000, 0x0000000084800000| Untracked 
|  73|0x0000000084900000, 0x0000000084a00000, 0x0000000084a00000|100%| O|  |TAMS 0x0000000084900000, 0x0000000084900000| Untracked 
|  74|0x0000000084a00000, 0x0000000084b00000, 0x0000000084b00000|100%| O|  |TAMS 0x0000000084a00000, 0x0000000084a00000| Untracked 
|  75|0x0000000084b00000, 0x0000000084c00000, 0x0000000084c00000|100%| O|  |TAMS 0x0000000084b00000, 0x0000000084b00000| Untracked 
|  76|0x0000000084c00000, 0x0000000084d00000, 0x0000000084d00000|100%| O|  |TAMS 0x0000000084c00000, 0x0000000084c00000| Untracked 
|  77|0x0000000084d00000, 0x0000000084e00000, 0x0000000084e00000|100%| O|  |TAMS 0x0000000084d00000, 0x0000000084d00000| Untracked 
|  78|0x0000000084e00000, 0x0000000084f00000, 0x0000000084f00000|100%| O|  |TAMS 0x0000000084e00000, 0x0000000084e00000| Untracked 
|  79|0x0000000084f00000, 0x0000000085000000, 0x0000000085000000|100%| O|  |TAMS 0x0000000084f00000, 0x0000000084f00000| Untracked 
|  80|0x0000000085000000, 0x0000000085100000, 0x0000000085100000|100%| O|  |TAMS 0x0000000085000000, 0x0000000085000000| Untracked 
|  81|0x0000000085100000, 0x0000000085115000, 0x0000000085200000|  8%| O|  |TAMS 0x0000000085100000, 0x0000000085100000| Untracked 
|  82|0x0000000085200000, 0x0000000085200000, 0x0000000085300000|  0%| F|  |TAMS 0x0000000085200000, 0x0000000085200000| Untracked 
|  83|0x0000000085300000, 0x0000000085300000, 0x0000000085400000|  0%| F|  |TAMS 0x0000000085300000, 0x0000000085300000| Untracked 
|  84|0x0000000085400000, 0x0000000085400000, 0x0000000085500000|  0%| F|  |TAMS 0x0000000085400000, 0x0000000085400000| Untracked 
|  85|0x0000000085500000, 0x0000000085500000, 0x0000000085600000|  0%| F|  |TAMS 0x0000000085500000, 0x0000000085500000| Untracked 
|  86|0x0000000085600000, 0x0000000085600000, 0x0000000085700000|  0%| F|  |TAMS 0x0000000085600000, 0x0000000085600000| Untracked 
|  87|0x0000000085700000, 0x0000000085700000, 0x0000000085800000|  0%| F|  |TAMS 0x0000000085700000, 0x0000000085700000| Untracked 
|  88|0x0000000085800000, 0x0000000085800000, 0x0000000085900000|  0%| F|  |TAMS 0x0000000085800000, 0x0000000085800000| Untracked 
|  89|0x0000000085900000, 0x0000000085900000, 0x0000000085a00000|  0%| F|  |TAMS 0x0000000085900000, 0x0000000085900000| Untracked 
|  90|0x0000000085a00000, 0x0000000085a00000, 0x0000000085b00000|  0%| F|  |TAMS 0x0000000085a00000, 0x0000000085a00000| Untracked 
|  91|0x0000000085b00000, 0x0000000085b00000, 0x0000000085c00000|  0%| F|  |TAMS 0x0000000085b00000, 0x0000000085b00000| Untracked 
|  92|0x0000000085c00000, 0x0000000085c00000, 0x0000000085d00000|  0%| F|  |TAMS 0x0000000085c00000, 0x0000000085c00000| Untracked 
|  93|0x0000000085d00000, 0x0000000085d00000, 0x0000000085e00000|  0%| F|  |TAMS 0x0000000085d00000, 0x0000000085d00000| Untracked 
|  94|0x0000000085e00000, 0x0000000085e00000, 0x0000000085f00000|  0%| F|  |TAMS 0x0000000085e00000, 0x0000000085e00000| Untracked 
|  95|0x0000000085f00000, 0x0000000085f00000, 0x0000000086000000|  0%| F|  |TAMS 0x0000000085f00000, 0x0000000085f00000| Untracked 
|  96|0x0000000086000000, 0x0000000086000000, 0x0000000086100000|  0%| F|  |TAMS 0x0000000086000000, 0x0000000086000000| Untracked 
|  97|0x0000000086100000, 0x0000000086100000, 0x0000000086200000|  0%| F|  |TAMS 0x0000000086100000, 0x0000000086100000| Untracked 
|  98|0x0000000086200000, 0x0000000086200000, 0x0000000086300000|  0%| F|  |TAMS 0x0000000086200000, 0x0000000086200000| Untracked 
|  99|0x0000000086300000, 0x0000000086300000, 0x0000000086400000|  0%| F|  |TAMS 0x0000000086300000, 0x0000000086300000| Untracked 
| 100|0x0000000086400000, 0x0000000086400000, 0x0000000086500000|  0%| F|  |TAMS 0x0000000086400000, 0x0000000086400000| Untracked 
| 101|0x0000000086500000, 0x0000000086500000, 0x0000000086600000|  0%| F|  |TAMS 0x0000000086500000, 0x0000000086500000| Untracked 
| 102|0x0000000086600000, 0x0000000086600000, 0x0000000086700000|  0%| F|  |TAMS 0x0000000086600000, 0x0000000086600000| Untracked 
| 103|0x0000000086700000, 0x0000000086700000, 0x0000000086800000|  0%| F|  |TAMS 0x0000000086700000, 0x0000000086700000| Untracked 
| 104|0x0000000086800000, 0x0000000086848ce0, 0x0000000086900000| 28%| S|CS|TAMS 0x0000000086800000, 0x0000000086800000| Complete 
| 105|0x0000000086900000, 0x0000000086a00000, 0x0000000086a00000|100%| S|CS|TAMS 0x0000000086900000, 0x0000000086900000| Complete 
| 106|0x0000000086a00000, 0x0000000086b00000, 0x0000000086b00000|100%| S|CS|TAMS 0x0000000086a00000, 0x0000000086a00000| Complete 
| 107|0x0000000086b00000, 0x0000000086c00000, 0x0000000086c00000|100%| S|CS|TAMS 0x0000000086b00000, 0x0000000086b00000| Complete 
| 108|0x0000000086c00000, 0x0000000086c00000, 0x0000000086d00000|  0%| F|  |TAMS 0x0000000086c00000, 0x0000000086c00000| Untracked 
| 109|0x0000000086d00000, 0x0000000086d00000, 0x0000000086e00000|  0%| F|  |TAMS 0x0000000086d00000, 0x0000000086d00000| Untracked 
| 110|0x0000000086e00000, 0x0000000086e00000, 0x0000000086f00000|  0%| F|  |TAMS 0x0000000086e00000, 0x0000000086e00000| Untracked 
| 111|0x0000000086f00000, 0x0000000086f00000, 0x0000000087000000|  0%| F|  |TAMS 0x0000000086f00000, 0x0000000086f00000| Untracked 
| 112|0x0000000087000000, 0x0000000087000000, 0x0000000087100000|  0%| F|  |TAMS 0x0000000087000000, 0x0000000087000000| Untracked 
| 113|0x0000000087100000, 0x0000000087100000, 0x0000000087200000|  0%| F|  |TAMS 0x0000000087100000, 0x0000000087100000| Untracked 
| 114|0x0000000087200000, 0x0000000087200000, 0x0000000087300000|  0%| F|  |TAMS 0x0000000087200000, 0x0000000087200000| Untracked 
| 115|0x0000000087300000, 0x0000000087300000, 0x0000000087400000|  0%| F|  |TAMS 0x0000000087300000, 0x0000000087300000| Untracked 
| 116|0x0000000087400000, 0x0000000087400000, 0x0000000087500000|  0%| F|  |TAMS 0x0000000087400000, 0x0000000087400000| Untracked 
| 117|0x0000000087500000, 0x0000000087500000, 0x0000000087600000|  0%| F|  |TAMS 0x0000000087500000, 0x0000000087500000| Untracked 
| 118|0x0000000087600000, 0x0000000087600000, 0x0000000087700000|  0%| F|  |TAMS 0x0000000087600000, 0x0000000087600000| Untracked 
| 119|0x0000000087700000, 0x0000000087700000, 0x0000000087800000|  0%| F|  |TAMS 0x0000000087700000, 0x0000000087700000| Untracked 
| 120|0x0000000087800000, 0x0000000087800000, 0x0000000087900000|  0%| F|  |TAMS 0x0000000087800000, 0x0000000087800000| Untracked 
| 121|0x0000000087900000, 0x0000000087900000, 0x0000000087a00000|  0%| F|  |TAMS 0x0000000087900000, 0x0000000087900000| Untracked 
| 122|0x0000000087a00000, 0x0000000087a00000, 0x0000000087b00000|  0%| F|  |TAMS 0x0000000087a00000, 0x0000000087a00000| Untracked 
| 123|0x0000000087b00000, 0x0000000087b00000, 0x0000000087c00000|  0%| F|  |TAMS 0x0000000087b00000, 0x0000000087b00000| Untracked 
| 124|0x0000000087c00000, 0x0000000087c00000, 0x0000000087d00000|  0%| F|  |TAMS 0x0000000087c00000, 0x0000000087c00000| Untracked 
| 125|0x0000000087d00000, 0x0000000087d00000, 0x0000000087e00000|  0%| F|  |TAMS 0x0000000087d00000, 0x0000000087d00000| Untracked 
| 126|0x0000000087e00000, 0x0000000087e00000, 0x0000000087f00000|  0%| F|  |TAMS 0x0000000087e00000, 0x0000000087e00000| Untracked 
| 127|0x0000000087f00000, 0x0000000087f00000, 0x0000000088000000|  0%| F|  |TAMS 0x0000000087f00000, 0x0000000087f00000| Untracked 
| 128|0x0000000088000000, 0x0000000088000000, 0x0000000088100000|  0%| F|  |TAMS 0x0000000088000000, 0x0000000088000000| Untracked 
| 129|0x0000000088100000, 0x0000000088100000, 0x0000000088200000|  0%| F|  |TAMS 0x0000000088100000, 0x0000000088100000| Untracked 
| 130|0x0000000088200000, 0x0000000088200000, 0x0000000088300000|  0%| F|  |TAMS 0x0000000088200000, 0x0000000088200000| Untracked 
| 131|0x0000000088300000, 0x0000000088300000, 0x0000000088400000|  0%| F|  |TAMS 0x0000000088300000, 0x0000000088300000| Untracked 
| 132|0x0000000088400000, 0x0000000088400000, 0x0000000088500000|  0%| F|  |TAMS 0x0000000088400000, 0x0000000088400000| Untracked 
| 133|0x0000000088500000, 0x0000000088500000, 0x0000000088600000|  0%| F|  |TAMS 0x0000000088500000, 0x0000000088500000| Untracked 
| 134|0x0000000088600000, 0x0000000088600000, 0x0000000088700000|  0%| F|  |TAMS 0x0000000088600000, 0x0000000088600000| Untracked 
| 135|0x0000000088700000, 0x0000000088700000, 0x0000000088800000|  0%| F|  |TAMS 0x0000000088700000, 0x0000000088700000| Untracked 
| 136|0x0000000088800000, 0x0000000088800000, 0x0000000088900000|  0%| F|  |TAMS 0x0000000088800000, 0x0000000088800000| Untracked 
| 137|0x0000000088900000, 0x0000000088900000, 0x0000000088a00000|  0%| F|  |TAMS 0x0000000088900000, 0x0000000088900000| Untracked 
| 138|0x0000000088a00000, 0x0000000088a00000, 0x0000000088b00000|  0%| F|  |TAMS 0x0000000088a00000, 0x0000000088a00000| Untracked 
| 139|0x0000000088b00000, 0x0000000088b00000, 0x0000000088c00000|  0%| F|  |TAMS 0x0000000088b00000, 0x0000000088b00000| Untracked 
| 140|0x0000000088c00000, 0x0000000088c00000, 0x0000000088d00000|  0%| F|  |TAMS 0x0000000088c00000, 0x0000000088c00000| Untracked 
| 141|0x0000000088d00000, 0x0000000088d00000, 0x0000000088e00000|  0%| F|  |TAMS 0x0000000088d00000, 0x0000000088d00000| Untracked 
| 142|0x0000000088e00000, 0x0000000088e00000, 0x0000000088f00000|  0%| F|  |TAMS 0x0000000088e00000, 0x0000000088e00000| Untracked 
| 143|0x0000000088f00000, 0x0000000088f00000, 0x0000000089000000|  0%| F|  |TAMS 0x0000000088f00000, 0x0000000088f00000| Untracked 
| 144|0x0000000089000000, 0x0000000089000000, 0x0000000089100000|  0%| F|  |TAMS 0x0000000089000000, 0x0000000089000000| Untracked 
| 145|0x0000000089100000, 0x0000000089100000, 0x0000000089200000|  0%| F|  |TAMS 0x0000000089100000, 0x0000000089100000| Untracked 
| 146|0x0000000089200000, 0x0000000089200000, 0x0000000089300000|  0%| F|  |TAMS 0x0000000089200000, 0x0000000089200000| Untracked 
| 147|0x0000000089300000, 0x0000000089300000, 0x0000000089400000|  0%| F|  |TAMS 0x0000000089300000, 0x0000000089300000| Untracked 
| 148|0x0000000089400000, 0x0000000089400000, 0x0000000089500000|  0%| F|  |TAMS 0x0000000089400000, 0x0000000089400000| Untracked 
| 149|0x0000000089500000, 0x0000000089500000, 0x0000000089600000|  0%| F|  |TAMS 0x0000000089500000, 0x0000000089500000| Untracked 
| 150|0x0000000089600000, 0x0000000089600000, 0x0000000089700000|  0%| F|  |TAMS 0x0000000089600000, 0x0000000089600000| Untracked 
| 151|0x0000000089700000, 0x0000000089700000, 0x0000000089800000|  0%| F|  |TAMS 0x0000000089700000, 0x0000000089700000| Untracked 
| 152|0x0000000089800000, 0x0000000089800000, 0x0000000089900000|  0%| F|  |TAMS 0x0000000089800000, 0x0000000089800000| Untracked 
| 153|0x0000000089900000, 0x0000000089900000, 0x0000000089a00000|  0%| F|  |TAMS 0x0000000089900000, 0x0000000089900000| Untracked 
| 154|0x0000000089a00000, 0x0000000089a00000, 0x0000000089b00000|  0%| F|  |TAMS 0x0000000089a00000, 0x0000000089a00000| Untracked 
| 155|0x0000000089b00000, 0x0000000089b00000, 0x0000000089c00000|  0%| F|  |TAMS 0x0000000089b00000, 0x0000000089b00000| Untracked 
| 156|0x0000000089c00000, 0x0000000089c00000, 0x0000000089d00000|  0%| F|  |TAMS 0x0000000089c00000, 0x0000000089c00000| Untracked 
| 157|0x0000000089d00000, 0x0000000089d00000, 0x0000000089e00000|  0%| F|  |TAMS 0x0000000089d00000, 0x0000000089d00000| Untracked 
| 158|0x0000000089e00000, 0x0000000089e00000, 0x0000000089f00000|  0%| F|  |TAMS 0x0000000089e00000, 0x0000000089e00000| Untracked 
| 159|0x0000000089f00000, 0x0000000089f00000, 0x000000008a000000|  0%| F|  |TAMS 0x0000000089f00000, 0x0000000089f00000| Untracked 
| 160|0x000000008a000000, 0x000000008a000000, 0x000000008a100000|  0%| F|  |TAMS 0x000000008a000000, 0x000000008a000000| Untracked 
| 161|0x000000008a100000, 0x000000008a100000, 0x000000008a200000|  0%| F|  |TAMS 0x000000008a100000, 0x000000008a100000| Untracked 
| 162|0x000000008a200000, 0x000000008a200000, 0x000000008a300000|  0%| F|  |TAMS 0x000000008a200000, 0x000000008a200000| Untracked 
| 163|0x000000008a300000, 0x000000008a300000, 0x000000008a400000|  0%| F|  |TAMS 0x000000008a300000, 0x000000008a300000| Untracked 
| 164|0x000000008a400000, 0x000000008a400000, 0x000000008a500000|  0%| F|  |TAMS 0x000000008a400000, 0x000000008a400000| Untracked 
| 165|0x000000008a500000, 0x000000008a500000, 0x000000008a600000|  0%| F|  |TAMS 0x000000008a500000, 0x000000008a500000| Untracked 
| 166|0x000000008a600000, 0x000000008a600000, 0x000000008a700000|  0%| F|  |TAMS 0x000000008a600000, 0x000000008a600000| Untracked 
| 167|0x000000008a700000, 0x000000008a700000, 0x000000008a800000|  0%| F|  |TAMS 0x000000008a700000, 0x000000008a700000| Untracked 
| 168|0x000000008a800000, 0x000000008a800000, 0x000000008a900000|  0%| F|  |TAMS 0x000000008a800000, 0x000000008a800000| Untracked 
| 169|0x000000008a900000, 0x000000008a900000, 0x000000008aa00000|  0%| F|  |TAMS 0x000000008a900000, 0x000000008a900000| Untracked 
| 170|0x000000008aa00000, 0x000000008aa00000, 0x000000008ab00000|  0%| F|  |TAMS 0x000000008aa00000, 0x000000008aa00000| Untracked 
| 171|0x000000008ab00000, 0x000000008ab00000, 0x000000008ac00000|  0%| F|  |TAMS 0x000000008ab00000, 0x000000008ab00000| Untracked 
| 172|0x000000008ac00000, 0x000000008ac00000, 0x000000008ad00000|  0%| F|  |TAMS 0x000000008ac00000, 0x000000008ac00000| Untracked 
| 173|0x000000008ad00000, 0x000000008ad00000, 0x000000008ae00000|  0%| F|  |TAMS 0x000000008ad00000, 0x000000008ad00000| Untracked 
| 174|0x000000008ae00000, 0x000000008ae00000, 0x000000008af00000|  0%| F|  |TAMS 0x000000008ae00000, 0x000000008ae00000| Untracked 
| 175|0x000000008af00000, 0x000000008af00000, 0x000000008b000000|  0%| F|  |TAMS 0x000000008af00000, 0x000000008af00000| Untracked 
| 176|0x000000008b000000, 0x000000008b000000, 0x000000008b100000|  0%| F|  |TAMS 0x000000008b000000, 0x000000008b000000| Untracked 
| 177|0x000000008b100000, 0x000000008b100000, 0x000000008b200000|  0%| F|  |TAMS 0x000000008b100000, 0x000000008b100000| Untracked 
| 178|0x000000008b200000, 0x000000008b200000, 0x000000008b300000|  0%| F|  |TAMS 0x000000008b200000, 0x000000008b200000| Untracked 
| 179|0x000000008b300000, 0x000000008b300000, 0x000000008b400000|  0%| F|  |TAMS 0x000000008b300000, 0x000000008b300000| Untracked 
| 180|0x000000008b400000, 0x000000008b400000, 0x000000008b500000|  0%| F|  |TAMS 0x000000008b400000, 0x000000008b400000| Untracked 
| 181|0x000000008b500000, 0x000000008b500000, 0x000000008b600000|  0%| F|  |TAMS 0x000000008b500000, 0x000000008b500000| Untracked 
| 182|0x000000008b600000, 0x000000008b600000, 0x000000008b700000|  0%| F|  |TAMS 0x000000008b600000, 0x000000008b600000| Untracked 
| 183|0x000000008b700000, 0x000000008b700000, 0x000000008b800000|  0%| F|  |TAMS 0x000000008b700000, 0x000000008b700000| Untracked 
| 184|0x000000008b800000, 0x000000008b800000, 0x000000008b900000|  0%| F|  |TAMS 0x000000008b800000, 0x000000008b800000| Untracked 
| 185|0x000000008b900000, 0x000000008b900000, 0x000000008ba00000|  0%| F|  |TAMS 0x000000008b900000, 0x000000008b900000| Untracked 
| 186|0x000000008ba00000, 0x000000008ba00000, 0x000000008bb00000|  0%| F|  |TAMS 0x000000008ba00000, 0x000000008ba00000| Untracked 
| 187|0x000000008bb00000, 0x000000008bb00000, 0x000000008bc00000|  0%| F|  |TAMS 0x000000008bb00000, 0x000000008bb00000| Untracked 
| 188|0x000000008bc00000, 0x000000008bc14bb8, 0x000000008bd00000|  8%| E|  |TAMS 0x000000008bc00000, 0x000000008bc00000| Complete 
| 189|0x000000008bd00000, 0x000000008be00000, 0x000000008be00000|100%| E|CS|TAMS 0x000000008bd00000, 0x000000008bd00000| Complete 
| 190|0x000000008be00000, 0x000000008bf00000, 0x000000008bf00000|100%| E|  |TAMS 0x000000008be00000, 0x000000008be00000| Complete 
| 191|0x000000008bf00000, 0x000000008c000000, 0x000000008c000000|100%| E|CS|TAMS 0x000000008bf00000, 0x000000008bf00000| Complete 
| 192|0x000000008c000000, 0x000000008c100000, 0x000000008c100000|100%| E|CS|TAMS 0x000000008c000000, 0x000000008c000000| Complete 
| 193|0x000000008c100000, 0x000000008c200000, 0x000000008c200000|100%| E|CS|TAMS 0x000000008c100000, 0x000000008c100000| Complete 
| 194|0x000000008c200000, 0x000000008c300000, 0x000000008c300000|100%| E|CS|TAMS 0x000000008c200000, 0x000000008c200000| Complete 
| 195|0x000000008c300000, 0x000000008c400000, 0x000000008c400000|100%| E|CS|TAMS 0x000000008c300000, 0x000000008c300000| Complete 
| 196|0x000000008c400000, 0x000000008c500000, 0x000000008c500000|100%| E|CS|TAMS 0x000000008c400000, 0x000000008c400000| Complete 
| 197|0x000000008c500000, 0x000000008c600000, 0x000000008c600000|100%| E|CS|TAMS 0x000000008c500000, 0x000000008c500000| Complete 
| 198|0x000000008c600000, 0x000000008c700000, 0x000000008c700000|100%| E|CS|TAMS 0x000000008c600000, 0x000000008c600000| Complete 
| 199|0x000000008c700000, 0x000000008c800000, 0x000000008c800000|100%| E|CS|TAMS 0x000000008c700000, 0x000000008c700000| Complete 
| 200|0x000000008c800000, 0x000000008c900000, 0x000000008c900000|100%| E|CS|TAMS 0x000000008c800000, 0x000000008c800000| Complete 
| 201|0x000000008c900000, 0x000000008ca00000, 0x000000008ca00000|100%| E|CS|TAMS 0x000000008c900000, 0x000000008c900000| Complete 
| 202|0x000000008ca00000, 0x000000008cb00000, 0x000000008cb00000|100%| E|CS|TAMS 0x000000008ca00000, 0x000000008ca00000| Complete 
| 203|0x000000008cb00000, 0x000000008cc00000, 0x000000008cc00000|100%| E|CS|TAMS 0x000000008cb00000, 0x000000008cb00000| Complete 
| 204|0x000000008cc00000, 0x000000008cd00000, 0x000000008cd00000|100%| E|CS|TAMS 0x000000008cc00000, 0x000000008cc00000| Complete 
| 205|0x000000008cd00000, 0x000000008ce00000, 0x000000008ce00000|100%| E|CS|TAMS 0x000000008cd00000, 0x000000008cd00000| Complete 
| 206|0x000000008ce00000, 0x000000008cf00000, 0x000000008cf00000|100%| E|CS|TAMS 0x000000008ce00000, 0x000000008ce00000| Complete 
| 207|0x000000008cf00000, 0x000000008d000000, 0x000000008d000000|100%| E|CS|TAMS 0x000000008cf00000, 0x000000008cf00000| Complete 
| 208|0x000000008d000000, 0x000000008d100000, 0x000000008d100000|100%| E|CS|TAMS 0x000000008d000000, 0x000000008d000000| Complete 
| 209|0x000000008d100000, 0x000000008d200000, 0x000000008d200000|100%| E|CS|TAMS 0x000000008d100000, 0x000000008d100000| Complete 
| 210|0x000000008d200000, 0x000000008d300000, 0x000000008d300000|100%| E|CS|TAMS 0x000000008d200000, 0x000000008d200000| Complete 
| 211|0x000000008d300000, 0x000000008d400000, 0x000000008d400000|100%| E|CS|TAMS 0x000000008d300000, 0x000000008d300000| Complete 
| 212|0x000000008d400000, 0x000000008d500000, 0x000000008d500000|100%| E|CS|TAMS 0x000000008d400000, 0x000000008d400000| Complete 
| 213|0x000000008d500000, 0x000000008d600000, 0x000000008d600000|100%| E|CS|TAMS 0x000000008d500000, 0x000000008d500000| Complete 
| 214|0x000000008d600000, 0x000000008d700000, 0x000000008d700000|100%| E|CS|TAMS 0x000000008d600000, 0x000000008d600000| Complete 
| 215|0x000000008d700000, 0x000000008d800000, 0x000000008d800000|100%| E|CS|TAMS 0x000000008d700000, 0x000000008d700000| Complete 
| 216|0x000000008d800000, 0x000000008d900000, 0x000000008d900000|100%| E|CS|TAMS 0x000000008d800000, 0x000000008d800000| Complete 
| 217|0x000000008d900000, 0x000000008da00000, 0x000000008da00000|100%| E|CS|TAMS 0x000000008d900000, 0x000000008d900000| Complete 
| 218|0x000000008da00000, 0x000000008db00000, 0x000000008db00000|100%| E|CS|TAMS 0x000000008da00000, 0x000000008da00000| Complete 
|2047|0x00000000fff00000, 0x0000000100000000, 0x0000000100000000|100%| O|  |TAMS 0x0000000100000000, 0x00000000fff00000| Untracked 

Card table byte_map: [0x00000163e0890000,0x00000163e0c90000] _byte_map_base: 0x00000163e0490000

Marking Bits (Prev, Next): (CMBitMap*) 0x00000163c8f59360, (CMBitMap*) 0x00000163c8f59320
 Prev Bits: [0x00000163e3090000, 0x00000163e5090000)
 Next Bits: [0x00000163e1090000, 0x00000163e3090000)

Polling page: 0x00000163c7490000

Metaspace:

Usage:
  Non-class:     59.50 MB used.
      Class:      9.79 MB used.
       Both:     69.29 MB used.

Virtual space:
  Non-class space:       64.00 MB reserved,      59.88 MB ( 94%) committed,  1 nodes.
      Class space:      416.00 MB reserved,      10.19 MB (  2%) committed,  1 nodes.
             Both:      480.00 MB reserved,      70.06 MB ( 15%) committed. 

Chunk freelists:
   Non-Class:  3.31 MB
       Class:  5.87 MB
        Both:  9.18 MB

MaxMetaspaceSize: 512.00 MB
CompressedClassSpaceSize: 416.00 MB
Initial GC threshold: 21.00 MB
Current GC threshold: 107.44 MB
CDS: on
MetaspaceReclaimPolicy: balanced
 - commit_granule_bytes: 65536.
 - commit_granule_words: 8192.
 - virtual_space_node_default_size: 8388608.
 - enlarge_chunks_in_place: 1.
 - new_chunks_are_fully_committed: 0.
 - uncommit_free_chunks: 1.
 - use_allocation_guard: 0.
 - handle_deallocations: 1.


Internal statistics:

num_allocs_failed_limit: 6.
num_arena_births: 1058.
num_arena_deaths: 0.
num_vsnodes_births: 2.
num_vsnodes_deaths: 0.
num_space_committed: 1121.
num_space_uncommitted: 0.
num_chunks_returned_to_freelist: 6.
num_chunks_taken_from_freelist: 4138.
num_chunk_merges: 6.
num_chunk_splits: 2658.
num_chunks_enlarged: 1688.
num_inconsistent_stats: 0.

CodeHeap 'non-profiled nmethods': size=120000Kb used=5514Kb max_used=5514Kb free=114485Kb
 bounds [0x00000163d82d0000, 0x00000163d8840000, 0x00000163df800000]
CodeHeap 'profiled nmethods': size=120000Kb used=19500Kb max_used=19500Kb free=100499Kb
 bounds [0x00000163d0800000, 0x00000163d1b10000, 0x00000163d7d30000]
CodeHeap 'non-nmethods': size=5760Kb used=2373Kb max_used=2418Kb free=3386Kb
 bounds [0x00000163d7d30000, 0x00000163d7fa0000, 0x00000163d82d0000]
 total_blobs=10905 nmethods=10005 adapters=812
 compilation: enabled
              stopped_count=0, restarted_count=0
 full_count=0

Compilation events (20 events):
Event: 144.242 Thread 0x00000163e7d84bb0 nmethod 10819 0x00000163d882f790 code [0x00000163d882f920, 0x00000163d882fcf8]
Event: 144.242 Thread 0x00000163e7d84bb0 10821       4       java.lang.Enum::hashCode (5 bytes)
Event: 144.244 Thread 0x00000163e7d84bb0 nmethod 10821 0x00000163d882fe90 code [0x00000163d8830020, 0x00000163d88300e8]
Event: 144.244 Thread 0x00000163e7d84bb0 10820       4       sun.security.provider.MD5::clone (24 bytes)
Event: 144.255 Thread 0x00000163e7d84bb0 nmethod 10820 0x00000163d8830190 code [0x00000163d8830320, 0x00000163d88307f8]
Event: 144.465 Thread 0x00000163e7d84bb0 10822       4       org.gradle.internal.time.DefaultTimer::getElapsedMillis (29 bytes)
Event: 144.484 Thread 0x00000163e7d84bb0 nmethod 10822 0x00000163d8830a10 code [0x00000163d8830ba0, 0x00000163d8830d38]
Event: 144.484 Thread 0x00000163e7d84bb0 10823       4       org.gradle.internal.operations.logging.LoggingBuildOperationProgressBroadcaster::onOutput (105 bytes)
Event: 144.490 Thread 0x00000163e7d84bb0 nmethod 10823 0x00000163d8830e90 code [0x00000163d8831020, 0x00000163d8831128]
Event: 144.494 Thread 0x00000163e7d84bb0 10824       4       java.nio.file.FileTreeWalker$Event::<init> (9 bytes)
Event: 144.500 Thread 0x00000163e7d84bb0 nmethod 10824 0x00000163d8831290 code [0x00000163d8831400, 0x00000163d8831758]
Event: 144.506 Thread 0x00000163e7d84bb0 10825       4       sun.nio.fs.WindowsPath::getFileSystem (5 bytes)
Event: 144.507 Thread 0x00000163e7d84bb0 nmethod 10825 0x00000163d8831810 code [0x00000163d8831980, 0x00000163d88319f8]
Event: 144.540 Thread 0x00000163e7d84bb0 10826       4       java.util.concurrent.FutureTask::awaitDone (214 bytes)
Event: 144.574 Thread 0x00000163e7d84bb0 nmethod 10826 0x00000163d8831b10 code [0x00000163d8831ca0, 0x00000163d88324e8]
Event: 145.794 Thread 0x00000163e7d8e430 10827       1       java.util.concurrent.ThreadPoolExecutor::getQueue (5 bytes)
Event: 145.797 Thread 0x00000163e7d8e430 nmethod 10827 0x00000163d8832790 code [0x00000163d8832920, 0x00000163d88329f8]
Event: 147.782 Thread 0x00000163e7d8e430 10828       3       java.util.concurrent.ScheduledThreadPoolExecutor$DelayedWorkQueue::setIndex (16 bytes)
Event: 147.783 Thread 0x00000163e7d8e430 nmethod 10828 0x00000163d1b08490 code [0x00000163d1b08640, 0x00000163d1b08958]
Event: 149.734 Thread 0x00000163e7d84bb0 10829   !   4       java.util.concurrent.locks.AbstractQueuedSynchronizer::acquire (407 bytes)

GC Heap History (20 events):
Event: 89.559 GC heap before
{Heap before GC invocations=26 (full 0):
 garbage-first heap   total 109568K, used 87909K [0x0000000080000000, 0x0000000100000000)
  region size 1024K, 26 young (26624K), 1 survivors (1024K)
 Metaspace       used 60690K, committed 61376K, reserved 491520K
  class space    used 8612K, committed 8960K, reserved 425984K
}
Event: 89.564 GC heap after
{Heap after GC invocations=27 (full 0):
 garbage-first heap   total 148480K, used 62891K [0x0000000080000000, 0x0000000100000000)
  region size 1024K, 1 young (1024K), 1 survivors (1024K)
 Metaspace       used 60690K, committed 61376K, reserved 491520K
  class space    used 8612K, committed 8960K, reserved 425984K
}
Event: 96.286 GC heap before
{Heap before GC invocations=28 (full 0):
 garbage-first heap   total 148480K, used 113067K [0x0000000080000000, 0x0000000100000000)
  region size 1024K, 50 young (51200K), 1 survivors (1024K)
 Metaspace       used 62821K, committed 63552K, reserved 491520K
  class space    used 8898K, committed 9280K, reserved 425984K
}
Event: 96.302 GC heap after
{Heap after GC invocations=29 (full 0):
 garbage-first heap   total 148480K, used 67532K [0x0000000080000000, 0x0000000100000000)
  region size 1024K, 6 young (6144K), 6 survivors (6144K)
 Metaspace       used 62821K, committed 63552K, reserved 491520K
  class space    used 8898K, committed 9280K, reserved 425984K
}
Event: 96.383 GC heap before
{Heap before GC invocations=29 (full 0):
 garbage-first heap   total 148480K, used 68556K [0x0000000080000000, 0x0000000100000000)
  region size 1024K, 7 young (7168K), 6 survivors (6144K)
 Metaspace       used 62821K, committed 63552K, reserved 491520K
  class space    used 8898K, committed 9280K, reserved 425984K
}
Event: 96.390 GC heap after
{Heap after GC invocations=30 (full 0):
 garbage-first heap   total 148480K, used 67512K [0x0000000080000000, 0x0000000100000000)
  region size 1024K, 1 young (1024K), 1 survivors (1024K)
 Metaspace       used 62821K, committed 63552K, reserved 491520K
  class space    used 8898K, committed 9280K, reserved 425984K
}
Event: 101.322 GC heap before
{Heap before GC invocations=30 (full 0):
 garbage-first heap   total 148480K, used 114616K [0x0000000080000000, 0x0000000100000000)
  region size 1024K, 47 young (48128K), 1 survivors (1024K)
 Metaspace       used 65162K, committed 65920K, reserved 491520K
  class space    used 9220K, committed 9600K, reserved 425984K
}
Event: 101.332 GC heap after
{Heap after GC invocations=31 (full 0):
 garbage-first heap   total 148480K, used 71341K [0x0000000080000000, 0x0000000100000000)
  region size 1024K, 5 young (5120K), 5 survivors (5120K)
 Metaspace       used 65162K, committed 65920K, reserved 491520K
  class space    used 9220K, committed 9600K, reserved 425984K
}
Event: 117.852 GC heap before
{Heap before GC invocations=32 (full 0):
 garbage-first heap   total 148480K, used 115373K [0x0000000080000000, 0x0000000100000000)
  region size 1024K, 48 young (49152K), 5 survivors (5120K)
 Metaspace       used 68333K, committed 69120K, reserved 491520K
  class space    used 9728K, committed 10112K, reserved 425984K
}
Event: 117.874 GC heap after
{Heap after GC invocations=33 (full 0):
 garbage-first heap   total 148480K, used 74838K [0x0000000080000000, 0x0000000100000000)
  region size 1024K, 6 young (6144K), 6 survivors (6144K)
 Metaspace       used 68333K, committed 69120K, reserved 491520K
  class space    used 9728K, committed 10112K, reserved 425984K
}
Event: 118.011 GC heap before
{Heap before GC invocations=33 (full 0):
 garbage-first heap   total 148480K, used 75862K [0x0000000080000000, 0x0000000100000000)
  region size 1024K, 7 young (7168K), 6 survivors (6144K)
 Metaspace       used 68354K, committed 69120K, reserved 491520K
  class space    used 9729K, committed 10112K, reserved 425984K
}
Event: 118.021 GC heap after
{Heap after GC invocations=34 (full 0):
 garbage-first heap   total 148480K, used 73965K [0x0000000080000000, 0x0000000100000000)
  region size 1024K, 1 young (1024K), 1 survivors (1024K)
 Metaspace       used 68354K, committed 69120K, reserved 491520K
  class space    used 9729K, committed 10112K, reserved 425984K
}
Event: 123.431 GC heap before
{Heap before GC invocations=34 (full 0):
 garbage-first heap   total 148480K, used 115949K [0x0000000080000000, 0x0000000100000000)
  region size 1024K, 42 young (43008K), 1 survivors (1024K)
 Metaspace       used 70062K, committed 70848K, reserved 491520K
  class space    used 9969K, committed 10368K, reserved 425984K
}
Event: 123.506 GC heap after
{Heap after GC invocations=35 (full 0):
 garbage-first heap   total 148480K, used 79085K [0x0000000080000000, 0x0000000100000000)
  region size 1024K, 6 young (6144K), 6 survivors (6144K)
 Metaspace       used 70062K, committed 70848K, reserved 491520K
  class space    used 9969K, committed 10368K, reserved 425984K
}
Event: 131.554 GC heap before
{Heap before GC invocations=35 (full 0):
 garbage-first heap   total 148480K, used 115949K [0x0000000080000000, 0x0000000100000000)
  region size 1024K, 43 young (44032K), 6 survivors (6144K)
 Metaspace       used 70833K, committed 71680K, reserved 491520K
  class space    used 10022K, committed 10432K, reserved 425984K
}
Event: 131.679 GC heap after
{Heap after GC invocations=36 (full 0):
 garbage-first heap   total 148480K, used 83850K [0x0000000080000000, 0x0000000100000000)
  region size 1024K, 6 young (6144K), 6 survivors (6144K)
 Metaspace       used 70833K, committed 71680K, reserved 491520K
  class space    used 10022K, committed 10432K, reserved 425984K
}
Event: 135.381 GC heap before
{Heap before GC invocations=36 (full 0):
 garbage-first heap   total 148480K, used 115594K [0x0000000080000000, 0x0000000100000000)
  region size 1024K, 38 young (38912K), 6 survivors (6144K)
 Metaspace       used 70917K, committed 71744K, reserved 491520K
  class space    used 10022K, committed 10432K, reserved 425984K
}
Event: 135.523 GC heap after
{Heap after GC invocations=37 (full 0):
 garbage-first heap   total 148480K, used 86102K [0x0000000080000000, 0x0000000100000000)
  region size 1024K, 4 young (4096K), 4 survivors (4096K)
 Metaspace       used 70917K, committed 71744K, reserved 491520K
  class space    used 10022K, committed 10432K, reserved 425984K
}
Event: 139.520 GC heap before
{Heap before GC invocations=37 (full 0):
 garbage-first heap   total 148480K, used 117846K [0x0000000080000000, 0x0000000100000000)
  region size 1024K, 36 young (36864K), 4 survivors (4096K)
 Metaspace       used 70943K, committed 71744K, reserved 491520K
  class space    used 10022K, committed 10432K, reserved 425984K
}
Event: 139.809 GC heap after
{Heap after GC invocations=38 (full 0):
 garbage-first heap   total 225280K, used 87055K [0x0000000080000000, 0x0000000100000000)
  region size 1024K, 4 young (4096K), 4 survivors (4096K)
 Metaspace       used 70943K, committed 71744K, reserved 491520K
  class space    used 10022K, committed 10432K, reserved 425984K
}

Deoptimization events (20 events):
Event: 137.616 Thread 0x00000163ec0c3290 Uncommon trap: trap_request=0xffffffc6 fr.pc=0x00000163d880cff0 relative=0x0000000000000710
Event: 137.616 Thread 0x00000163ec0c3290 Uncommon trap: reason=bimorphic_or_optimized_type_check action=maybe_recompile pc=0x00000163d880cff0 method=com.google.common.collect.NaturalOrdering.compare(Ljava/lang/Comparable;Ljava/lang/Comparable;)I @ 12 c2
Event: 137.616 Thread 0x00000163ec0c3290 DEOPT PACKING pc=0x00000163d880cff0 sp=0x00000046333f7530
Event: 137.616 Thread 0x00000163ec0c3290 DEOPT UNPACKING pc=0x00000163d7d823a3 sp=0x00000046333f7300 mode 2
Event: 138.624 Thread 0x00000163ee3445f0 Uncommon trap: trap_request=0xffffffbe fr.pc=0x00000163d881574c relative=0x0000000000000f2c
Event: 138.624 Thread 0x00000163ee3445f0 Uncommon trap: reason=profile_predicate action=maybe_recompile pc=0x00000163d881574c method=org.gradle.internal.file.FileHierarchySet$Node.contains(Ljava/lang/String;I)Z @ 69 c2
Event: 138.624 Thread 0x00000163ee3445f0 DEOPT PACKING pc=0x00000163d881574c sp=0x0000004636bfcaf0
Event: 138.625 Thread 0x00000163ee3440e0 Uncommon trap: trap_request=0xffffffbe fr.pc=0x00000163d881574c relative=0x0000000000000f2c
Event: 138.625 Thread 0x00000163ee3440e0 Uncommon trap: reason=profile_predicate action=maybe_recompile pc=0x00000163d881574c method=org.gradle.internal.file.FileHierarchySet$Node.contains(Ljava/lang/String;I)Z @ 69 c2
Event: 138.625 Thread 0x00000163ee3440e0 DEOPT PACKING pc=0x00000163d881574c sp=0x0000004636afccb0
Event: 138.625 Thread 0x00000163ee3440e0 DEOPT UNPACKING pc=0x00000163d7d823a3 sp=0x0000004636afcca0 mode 2
Event: 138.627 Thread 0x00000163ee3445f0 DEOPT UNPACKING pc=0x00000163d7d823a3 sp=0x0000004636bfcae0 mode 2
Event: 138.627 Thread 0x00000163effccef0 Uncommon trap: trap_request=0xffffffbe fr.pc=0x00000163d881574c relative=0x0000000000000f2c
Event: 138.627 Thread 0x00000163effccef0 Uncommon trap: reason=profile_predicate action=maybe_recompile pc=0x00000163d881574c method=org.gradle.internal.file.FileHierarchySet$Node.contains(Ljava/lang/String;I)Z @ 69 c2
Event: 138.627 Thread 0x00000163effccef0 DEOPT PACKING pc=0x00000163d881574c sp=0x0000004636efc880
Event: 138.627 Thread 0x00000163effccef0 DEOPT UNPACKING pc=0x00000163d7d823a3 sp=0x0000004636efc870 mode 2
Event: 138.628 Thread 0x00000163effcc4d0 Uncommon trap: trap_request=0xffffffbe fr.pc=0x00000163d881574c relative=0x0000000000000f2c
Event: 138.628 Thread 0x00000163effcc4d0 Uncommon trap: reason=profile_predicate action=maybe_recompile pc=0x00000163d881574c method=org.gradle.internal.file.FileHierarchySet$Node.contains(Ljava/lang/String;I)Z @ 69 c2
Event: 138.628 Thread 0x00000163effcc4d0 DEOPT PACKING pc=0x00000163d881574c sp=0x00000046370fcbb0
Event: 138.628 Thread 0x00000163effcc4d0 DEOPT UNPACKING pc=0x00000163d7d823a3 sp=0x00000046370fcba0 mode 2

Classes unloaded (0 events):
No events

Classes redefined (0 events):
No events

Internal exceptions (20 events):
Event: 124.070 Thread 0x00000163ec0c3290 Exception <a 'java/lang/ClassNotFoundException'{0x000000008887a8b0}: org/gradle/api/internal/DefaultNamedDomainObjectListBeanInfo> (0x000000008887a8b0) 
thrown [s\open\src\hotspot\share\classfile\systemDictionary.cpp, line 256]
Event: 124.074 Thread 0x00000163ec0c3290 Exception <a 'java/lang/ClassNotFoundException'{0x0000000088890a08}: org/gradle/api/internal/DefaultNamedDomainObjectCollectionBeanInfo> (0x0000000088890a08) 
thrown [s\open\src\hotspot\share\classfile\systemDictionary.cpp, line 256]
Event: 124.075 Thread 0x00000163ec0c3290 Exception <a 'java/lang/ClassNotFoundException'{0x00000000888a6968}: org/gradle/api/internal/DefaultDomainObjectCollectionBeanInfo> (0x00000000888a6968) 
thrown [s\open\src\hotspot\share\classfile\systemDictionary.cpp, line 256]
Event: 124.076 Thread 0x00000163ec0c3290 Exception <a 'java/lang/ClassNotFoundException'{0x00000000888ae750}: java/util/AbstractCollectionBeanInfo> (0x00000000888ae750) 
thrown [s\open\src\hotspot\share\classfile\systemDictionary.cpp, line 256]
Event: 124.077 Thread 0x00000163ec0c3290 Exception <a 'java/lang/ClassNotFoundException'{0x00000000888b6500}: java/util/AbstractCollectionCustomizer> (0x00000000888b6500) 
thrown [s\open\src\hotspot\share\classfile\systemDictionary.cpp, line 256]
Event: 124.080 Thread 0x00000163ec0c3290 Exception <a 'java/lang/ClassNotFoundException'{0x00000000888d6020}: org/gradle/api/internal/DefaultDomainObjectCollectionCustomizer> (0x00000000888d6020) 
thrown [s\open\src\hotspot\share\classfile\systemDictionary.cpp, line 256]
Event: 124.086 Thread 0x00000163ec0c3290 Exception <a 'java/lang/ClassNotFoundException'{0x000000008870ccd0}: org/gradle/api/internal/DefaultNamedDomainObjectCollectionCustomizer> (0x000000008870ccd0) 
thrown [s\open\src\hotspot\share\classfile\systemDictionary.cpp, line 256]
Event: 124.091 Thread 0x00000163ec0c3290 Exception <a 'java/lang/ClassNotFoundException'{0x000000008874bba8}: org/gradle/api/internal/DefaultNamedDomainObjectListCustomizer> (0x000000008874bba8) 
thrown [s\open\src\hotspot\share\classfile\systemDictionary.cpp, line 256]
Event: 124.097 Thread 0x00000163ec0c3290 Exception <a 'java/lang/ClassNotFoundException'{0x0000000088781eb0}: org/gradle/api/internal/artifacts/DefaultArtifactRepositoryContainerCustomizer> (0x0000000088781eb0) 
thrown [s\open\src\hotspot\share\classfile\systemDictionary.cpp, line 256]
Event: 124.102 Thread 0x00000163ec0c3290 Exception <a 'java/lang/ClassNotFoundException'{0x00000000887ac800}: org/gradle/api/internal/artifacts/dsl/DefaultRepositoryHandlerCustomizer> (0x00000000887ac800) 
thrown [s\open\src\hotspot\share\classfile\systemDictionary.cpp, line 256]
Event: 124.107 Thread 0x00000163ec0c3290 Exception <a 'java/lang/ClassNotFoundException'{0x00000000887e4cc8}: org/gradle/api/internal/artifacts/dsl/DefaultRepositoryHandler_DecoratedCustomizer> (0x00000000887e4cc8) 
thrown [s\open\src\hotspot\share\classfile\systemDictionary.cpp, line 256]
Event: 124.181 Thread 0x00000163ec0c3290 Exception <a 'java/lang/ClassNotFoundException'{0x000000008868ea20}: org/gradle/api/internal/artifacts/dsl/dependencies/DefaultDependencyHandler_DecoratedBeanInfo> (0x000000008868ea20) 
thrown [s\open\src\hotspot\share\classfile\systemDictionary.cpp, line 256]
Event: 124.182 Thread 0x00000163ec0c3290 Exception <a 'java/lang/ClassNotFoundException'{0x00000000886a6ab0}: org/gradle/api/internal/artifacts/dsl/dependencies/DefaultDependencyHandlerBeanInfo> (0x00000000886a6ab0) 
thrown [s\open\src\hotspot\share\classfile\systemDictionary.cpp, line 256]
Event: 124.183 Thread 0x00000163ec0c3290 Exception <a 'java/lang/ClassNotFoundException'{0x00000000886be5b0}: org/gradle/api/internal/artifacts/dsl/dependencies/DefaultDependencyHandlerCustomizer> (0x00000000886be5b0) 
thrown [s\open\src\hotspot\share\classfile\systemDictionary.cpp, line 256]
Event: 124.201 Thread 0x00000163ec0c3290 Exception <a 'java/lang/ClassNotFoundException'{0x00000000886fe480}: org/gradle/api/internal/artifacts/dsl/dependencies/DefaultDependencyHandler_DecoratedCustomizer> (0x00000000886fe480) 
thrown [s\open\src\hotspot\share\classfile\systemDictionary.cpp, line 256]
Event: 130.426 Thread 0x00000163efbef590 Exception <a 'sun/nio/fs/WindowsException'{0x0000000086f23b90}> (0x0000000086f23b90) 
thrown [s\open\src\hotspot\share\prims\jni.cpp, line 516]
Event: 130.448 Thread 0x00000163efbef590 Exception <a 'sun/nio/fs/WindowsException'{0x0000000086f8d2b0}> (0x0000000086f8d2b0) 
thrown [s\open\src\hotspot\share\prims\jni.cpp, line 516]
Event: 130.452 Thread 0x00000163efbef590 Exception <a 'sun/nio/fs/WindowsException'{0x0000000086f8fd28}> (0x0000000086f8fd28) 
thrown [s\open\src\hotspot\share\prims\jni.cpp, line 516]
Event: 130.456 Thread 0x00000163efbef590 Exception <a 'sun/nio/fs/WindowsException'{0x0000000086f925b8}> (0x0000000086f925b8) 
thrown [s\open\src\hotspot\share\prims\jni.cpp, line 516]
Event: 133.759 Thread 0x00000163effcbfc0 Implicit null exception at 0x00000163d87fa9b3 to 0x00000163d87fafec

VM Operations (20 events):
Event: 133.698 Executing VM operation: Cleanup
Event: 133.700 Executing VM operation: Cleanup done
Event: 134.705 Executing VM operation: Cleanup
Event: 135.066 Executing VM operation: Cleanup done
Event: 135.379 Executing VM operation: G1CollectForAllocation
Event: 135.524 Executing VM operation: G1CollectForAllocation done
Event: 136.536 Executing VM operation: Cleanup
Event: 136.539 Executing VM operation: Cleanup done
Event: 137.553 Executing VM operation: Cleanup
Event: 137.554 Executing VM operation: Cleanup done
Event: 138.555 Executing VM operation: Cleanup
Event: 138.569 Executing VM operation: Cleanup done
Event: 139.478 Executing VM operation: G1CollectForAllocation
Event: 139.822 Executing VM operation: G1CollectForAllocation done
Event: 140.828 Executing VM operation: Cleanup
Event: 140.852 Executing VM operation: Cleanup done
Event: 144.049 Executing VM operation: Cleanup
Event: 144.221 Executing VM operation: Cleanup done
Event: 145.236 Executing VM operation: Cleanup
Event: 145.239 Executing VM operation: Cleanup done

Events (20 events):
Event: 124.076 loading class java/util/AbstractCollectionCustomizer
Event: 124.077 loading class java/util/AbstractCollectionCustomizer done
Event: 124.077 loading class java/util/AbstractCollectionCustomizer
Event: 124.077 loading class java/util/AbstractCollectionCustomizer done
Event: 124.078 loading class sun/reflect/generics/reflectiveObjects/GenericArrayTypeImpl
Event: 124.078 loading class sun/reflect/generics/reflectiveObjects/GenericArrayTypeImpl done
Event: 129.347 Thread 0x00000163eda49b70 Thread added: 0x00000163eda49b70
Event: 129.347 Thread 0x00000163eda4a080 Thread added: 0x00000163eda4a080
Event: 129.348 Thread 0x00000163ee6e42e0 Thread added: 0x00000163ee6e42e0
Event: 129.348 Thread 0x00000163ee6e2ea0 Thread added: 0x00000163ee6e2ea0
Event: 129.349 Thread 0x00000163ee6e33b0 Thread added: 0x00000163ee6e33b0
Event: 129.350 Thread 0x00000163ee6e1f70 Thread added: 0x00000163ee6e1f70
Event: 129.352 Thread 0x00000163ee6e38c0 Thread added: 0x00000163ee6e38c0
Event: 129.353 Thread 0x00000163ee6e1550 Thread added: 0x00000163ee6e1550
Event: 129.354 Thread 0x00000163ee6e1040 Thread added: 0x00000163ee6e1040
Event: 129.354 Thread 0x00000163ee6e3dd0 Thread added: 0x00000163ee6e3dd0
Event: 129.846 Thread 0x00000163ee6e1a60 Thread added: 0x00000163ee6e1a60
Event: 129.848 Thread 0x00000163ee6e0b30 Thread added: 0x00000163ee6e0b30
Event: 129.848 Thread 0x00000163ee6e5210 Thread added: 0x00000163ee6e5210
Event: 129.853 Thread 0x00000163ee6e5720 Thread added: 0x00000163ee6e5720


Dynamic libraries:
0x00007ff772b20000 - 0x00007ff772b30000 	C:\Program Files\Java\jdk-17\bin\java.exe
0x00007ffecf180000 - 0x00007ffecf3e6000 	C:\WINDOWS\SYSTEM32\ntdll.dll
0x00007ffece3b0000 - 0x00007ffece479000 	C:\WINDOWS\System32\KERNEL32.DLL
0x00007ffecc540000 - 0x00007ffecc90c000 	C:\WINDOWS\System32\KERNELBASE.dll
0x00007ffecc340000 - 0x00007ffecc48b000 	C:\WINDOWS\System32\ucrtbase.dll
0x00007ffea0ed0000 - 0x00007ffea0ee9000 	C:\Program Files\Java\jdk-17\bin\jli.dll
0x00007ffe9cec0000 - 0x00007ffe9cedb000 	C:\Program Files\Java\jdk-17\bin\VCRUNTIME140.dll
0x00007ffecefd0000 - 0x00007ffecf082000 	C:\WINDOWS\System32\ADVAPI32.dll
0x00007ffecf090000 - 0x00007ffecf139000 	C:\WINDOWS\System32\msvcrt.dll
0x00007ffece5e0000 - 0x00007ffece686000 	C:\WINDOWS\System32\sechost.dll
0x00007ffece720000 - 0x00007ffece836000 	C:\WINDOWS\System32\RPCRT4.dll
0x00007ffece0e0000 - 0x00007ffece2aa000 	C:\WINDOWS\System32\USER32.dll
0x00007ffecc310000 - 0x00007ffecc337000 	C:\WINDOWS\System32\win32u.dll
0x00007ffece080000 - 0x00007ffece0ab000 	C:\WINDOWS\System32\GDI32.dll
0x00007ffeae390000 - 0x00007ffeae62a000 	C:\WINDOWS\WinSxS\amd64_microsoft.windows.common-controls_6595b64144ccf1df_6.0.26100.3912_none_3e07963ce335137e\COMCTL32.dll
0x00007ffeccb20000 - 0x00007ffeccc52000 	C:\WINDOWS\System32\gdi32full.dll
0x00007ffecc490000 - 0x00007ffecc533000 	C:\WINDOWS\System32\msvcp_win.dll
0x00007ffeba5a0000 - 0x00007ffeba5ab000 	C:\WINDOWS\SYSTEM32\VERSION.dll
0x00007ffecd040000 - 0x00007ffecd070000 	C:\WINDOWS\System32\IMM32.DLL
0x00007ffea0ec0000 - 0x00007ffea0ecc000 	C:\Program Files\Java\jdk-17\bin\vcruntime140_1.dll
0x00007ffe9b710000 - 0x00007ffe9b79e000 	C:\Program Files\Java\jdk-17\bin\msvcp140.dll
0x00007ffe9ab30000 - 0x00007ffe9b710000 	C:\Program Files\Java\jdk-17\bin\server\jvm.dll
0x00007ffecd030000 - 0x00007ffecd038000 	C:\WINDOWS\System32\PSAPI.DLL
0x00007ffe9ceb0000 - 0x00007ffe9ceba000 	C:\WINDOWS\SYSTEM32\WSOCK32.dll
0x00007ffece000000 - 0x00007ffece074000 	C:\WINDOWS\System32\WS2_32.dll
0x00007ffec6b90000 - 0x00007ffec6bc6000 	C:\WINDOWS\SYSTEM32\WINMM.dll
0x00007ffecb1f0000 - 0x00007ffecb20a000 	C:\WINDOWS\SYSTEM32\kernel.appcore.dll
0x00007ffe9c970000 - 0x00007ffe9c97a000 	C:\Program Files\Java\jdk-17\bin\jimage.dll
0x00007ffec99f0000 - 0x00007ffec9c31000 	C:\WINDOWS\SYSTEM32\DBGHELP.DLL
0x00007ffecec40000 - 0x00007ffecefc4000 	C:\WINDOWS\System32\combase.dll
0x00007ffeccf40000 - 0x00007ffecd020000 	C:\WINDOWS\System32\OLEAUT32.dll
0x00007ffea2480000 - 0x00007ffea24b9000 	C:\WINDOWS\SYSTEM32\dbgcore.DLL
0x00007ffeccea0000 - 0x00007ffeccf39000 	C:\WINDOWS\System32\bcryptPrimitives.dll
0x00007ffea7730000 - 0x00007ffea773e000 	C:\Program Files\Java\jdk-17\bin\instrument.dll
0x00007ffe9a8d0000 - 0x00007ffe9a8f5000 	C:\Program Files\Java\jdk-17\bin\java.dll
0x00007ffe9a7c0000 - 0x00007ffe9a897000 	C:\Program Files\Java\jdk-17\bin\jsvml.dll
0x00007ffecd090000 - 0x00007ffecd7bd000 	C:\WINDOWS\System32\SHELL32.dll
0x00007ffecc910000 - 0x00007ffecca84000 	C:\WINDOWS\System32\wintypes.dll
0x00007ffec9ee0000 - 0x00007ffeca736000 	C:\WINDOWS\SYSTEM32\windows.storage.dll
0x00007ffece2b0000 - 0x00007ffece39f000 	C:\WINDOWS\System32\SHCORE.dll
0x00007ffecdce0000 - 0x00007ffecdd49000 	C:\WINDOWS\System32\shlwapi.dll
0x00007ffecc220000 - 0x00007ffecc24f000 	C:\WINDOWS\SYSTEM32\profapi.dll
0x00007ffe990f0000 - 0x00007ffe99108000 	C:\Program Files\Java\jdk-17\bin\zip.dll
0x00007ffe99130000 - 0x00007ffe99149000 	C:\Program Files\Java\jdk-17\bin\net.dll
0x00007ffec0280000 - 0x00007ffec039e000 	C:\WINDOWS\SYSTEM32\WINHTTP.dll
0x00007ffecb760000 - 0x00007ffecb7ca000 	C:\WINDOWS\system32\mswsock.dll
0x00007ffe99110000 - 0x00007ffe99126000 	C:\Program Files\Java\jdk-17\bin\nio.dll
0x00007ffe96400000 - 0x00007ffe96410000 	C:\Program Files\Java\jdk-17\bin\verify.dll
0x00007ffe86d40000 - 0x00007ffe86d67000 	C:\Users\hp\.gradle\native\c067742578af261105cb4f569cf0c3c89f3d7b1fecec35dd04571415982c5e48\windows-amd64\native-platform.dll
0x00007ffe5e550000 - 0x00007ffe5e694000 	C:\Users\hp\.gradle\native\100fb08df4bc3b14c8652ba06237920a3bd2aa13389f12d3474272988ae205f9\windows-amd64\native-platform-file-events.dll
0x00007ffec6190000 - 0x00007ffec619a000 	C:\Program Files\Java\jdk-17\bin\management.dll
0x00007ffec6180000 - 0x00007ffec618b000 	C:\Program Files\Java\jdk-17\bin\management_ext.dll
0x00007ffecba00000 - 0x00007ffecba1c000 	C:\WINDOWS\SYSTEM32\CRYPTSP.dll
0x00007ffecb150000 - 0x00007ffecb18a000 	C:\WINDOWS\system32\rsaenh.dll
0x00007ffecb800000 - 0x00007ffecb82b000 	C:\WINDOWS\SYSTEM32\USERENV.dll
0x00007ffecc1f0000 - 0x00007ffecc216000 	C:\WINDOWS\SYSTEM32\bcrypt.dll
0x00007ffecba20000 - 0x00007ffecba2c000 	C:\WINDOWS\SYSTEM32\CRYPTBASE.dll
0x00007ffecac10000 - 0x00007ffecac43000 	C:\WINDOWS\SYSTEM32\IPHLPAPI.DLL
0x00007ffecd080000 - 0x00007ffecd08a000 	C:\WINDOWS\System32\NSI.dll
0x00007ffec2760000 - 0x00007ffec277f000 	C:\WINDOWS\SYSTEM32\dhcpcsvc6.DLL
0x00007ffec2300000 - 0x00007ffec2325000 	C:\WINDOWS\SYSTEM32\dhcpcsvc.DLL
0x00007ffecac50000 - 0x00007ffecad77000 	C:\WINDOWS\SYSTEM32\DNSAPI.dll
0x00007ffec6150000 - 0x00007ffec615e000 	C:\Program Files\Java\jdk-17\bin\sunmscapi.dll
0x00007ffeccd20000 - 0x00007ffecce97000 	C:\WINDOWS\System32\CRYPT32.dll
0x00007ffecbb90000 - 0x00007ffecbbc0000 	C:\WINDOWS\SYSTEM32\ncrypt.dll
0x00007ffecbb40000 - 0x00007ffecbb7f000 	C:\WINDOWS\SYSTEM32\NTASN1.dll
0x00007ffea36f0000 - 0x00007ffea36f8000 	C:\WINDOWS\system32\wshunix.dll
0x00007ffea01d0000 - 0x00007ffea01e8000 	C:\WINDOWS\system32\napinsp.dll
0x00007ffea0010000 - 0x00007ffea0022000 	C:\WINDOWS\System32\winrnr.dll
0x00007ffe9ffd0000 - 0x00007ffea0000000 	C:\WINDOWS\system32\nlansp_c.dll
0x00007ffeba420000 - 0x00007ffeba440000 	C:\WINDOWS\system32\wshbth.dll
0x00007ffec0850000 - 0x00007ffec085b000 	C:\Windows\System32\rasadhlp.dll
0x00007ffec3130000 - 0x00007ffec31b6000 	C:\WINDOWS\System32\fwpuclnt.dll
0x00007ffec61d0000 - 0x00007ffec626e000 	C:\WINDOWS\system32\apphelp.dll

dbghelp: loaded successfully - version: 4.0.5 - missing functions: none
symbol engine: initialized successfully - sym options: 0x614 - pdb path: .;C:\Program Files\Java\jdk-17\bin;C:\WINDOWS\SYSTEM32;C:\WINDOWS\WinSxS\amd64_microsoft.windows.common-controls_6595b64144ccf1df_6.0.26100.3912_none_3e07963ce335137e;C:\Program Files\Java\jdk-17\bin\server;C:\Users\hp\.gradle\native\c067742578af261105cb4f569cf0c3c89f3d7b1fecec35dd04571415982c5e48\windows-amd64;C:\Users\hp\.gradle\native\100fb08df4bc3b14c8652ba06237920a3bd2aa13389f12d3474272988ae205f9\windows-amd64

VM Arguments:
jvm_args: -XX:MaxMetaspaceSize=512m --add-opens=java.base/java.util=ALL-UNNAMED --add-opens=java.base/java.lang=ALL-UNNAMED --add-opens=java.base/java.lang.invoke=ALL-UNNAMED --add-opens=java.prefs/java.util.prefs=ALL-UNNAMED --add-opens=java.base/java.nio.charset=ALL-UNNAMED --add-opens=java.base/java.net=ALL-UNNAMED --add-opens=java.base/java.util.concurrent.atomic=ALL-UNNAMED -Xmx2048m -Dfile.encoding=windows-1252 -Duser.country=AE -Duser.language=en -Duser.variant -javaagent:C:\Users\hp\.gradle\wrapper\dists\gradle-8.8-all\6gdy1pgp427xkqcjbxw3ylt6h\gradle-8.8\lib\agents\gradle-instrumentation-agent-8.8.jar 
java_command: org.gradle.launcher.daemon.bootstrap.GradleDaemon 8.8
java_class_path (initial): C:\Users\hp\.gradle\wrapper\dists\gradle-8.8-all\6gdy1pgp427xkqcjbxw3ylt6h\gradle-8.8\lib\gradle-launcher-8.8.jar
Launcher Type: SUN_STANDARD

[Global flags]
     intx CICompilerCount                          = 4                                         {product} {ergonomic}
   size_t CompressedClassSpaceSize                 = 436207616                                 {product} {ergonomic}
     uint ConcGCThreads                            = 3                                         {product} {ergonomic}
     uint G1ConcRefinementThreads                  = 10                                        {product} {ergonomic}
   size_t G1HeapRegionSize                         = 1048576                                   {product} {ergonomic}
    uintx GCDrainStackTargetSize                   = 64                                        {product} {ergonomic}
   size_t InitialHeapSize                          = 130023424                                 {product} {ergonomic}
   size_t MarkStackSize                            = 4194304                                   {product} {ergonomic}
   size_t MaxHeapSize                              = 2147483648                                {product} {command line}
   size_t MaxMetaspaceSize                         = 536870912                                 {product} {command line}
   size_t MaxNewSize                               = 1287651328                                {product} {ergonomic}
   size_t MinHeapDeltaBytes                        = 1048576                                   {product} {ergonomic}
   size_t MinHeapSize                              = 8388608                                   {product} {ergonomic}
    uintx NonNMethodCodeHeapSize                   = 5839372                                {pd product} {ergonomic}
    uintx NonProfiledCodeHeapSize                  = 122909434                              {pd product} {ergonomic}
    uintx ProfiledCodeHeapSize                     = 122909434                              {pd product} {ergonomic}
    uintx ReservedCodeCacheSize                    = 251658240                              {pd product} {ergonomic}
     bool SegmentedCodeCache                       = true                                      {product} {ergonomic}
   size_t SoftMaxHeapSize                          = 2147483648                             {manageable} {ergonomic}
     bool UseCompressedClassPointers               = true                           {product lp64_product} {ergonomic}
     bool UseCompressedOops                        = true                           {product lp64_product} {ergonomic}
     bool UseG1GC                                  = true                                      {product} {ergonomic}
     bool UseLargePagesIndividualAllocation        = false                                  {pd product} {ergonomic}

Logging:
Log output configuration:
 #0: stdout all=warning uptime,level,tags
 #1: stderr all=off uptime,level,tags

Environment Variables:
CLASSPATH=C:\Users\hp\Desktop\Projects\Wakala\wakala\wakala_app\android\\gradle\wrapper\gradle-wrapper.jar
PATH=C:\Users\hp\Desktop\Projects\Wakala\wakala\wakala_app\node_modules\.bin;C:\Users\hp\Desktop\Projects\Wakala\wakala\wakala_app\node_modules\.bin;C:\Users\hp\Desktop\Projects\Wakala\wakala\node_modules\.bin;C:\Users\hp\Desktop\Projects\Wakala\node_modules\.bin;C:\Users\hp\Desktop\Projects\node_modules\.bin;C:\Users\hp\Desktop\node_modules\.bin;C:\Users\hp\node_modules\.bin;C:\Users\node_modules\.bin;C:\node_modules\.bin;C:\Users\hp\AppData\Roaming\npm\node_modules\npm\node_modules\@npmcli\run-script\lib\node-gyp-bin;C:\Users\hp\Desktop\Projects\Wakala\wakala\wakala_app\node_modules\.bin;C:\Users\hp\Desktop\Projects\Wakala\wakala\wakala_app\node_modules\.bin;C:\Users\hp\Desktop\Projects\Wakala\wakala\node_modules\.bin;C:\Users\hp\Desktop\Projects\Wakala\node_modules\.bin;C:\Users\hp\Desktop\Projects\node_modules\.bin;C:\Users\hp\Desktop\node_modules\.bin;C:\Users\hp\node_modules\.bin;C:\Users\node_modules\.bin;C:\node_modules\.bin;C:\Users\hp\AppData\Roaming\npm\node_modules\npm\node_modules\@npmcli\run-script\lib\node-gyp-bin;C:\Program Files\Common Files\Oracle\Java\javapath;C:\Program Files (x86)\Common Files\Oracle\Java\java8path;C:\Program Files (x86)\Common Files\Oracle\Java\javapath;C:\Program Files\ImageMagick-7.1.1-Q16-HDRI;C:\WINDOWS\system32;C:\WINDOWS;C:\WINDOWS\System32\Wbem;C:\WINDOWS\System32\WindowsPowerShell\v1.0\;C:\WINDOWS\System32\OpenSSH\;C:\Program Files\nodejs\;C:\ProgramData\chocolatey\bin;C:\xampp\php;C:\ProgramData\ComposerSetup\bin;C:\Program Files\Git\cmd;C:\Program Files\Docker\Docker\resources\bin;C:\Program Files (x86)\Google\Cloud SDK\google-cloud-sdk\bin;C:\Program Files\PuTTY\;C:\Users\hp\Downloads\ngrok-v3-stable-windows-amd64;C:\Program Files\Java\jdk-17\bin;C:\Users\hp\AppData\Local\Packages\PythonSoftwareFoundation.Python.3.12_qbz5n2kfra8p0\LocalCache\local-packages\Python312\Scripts;C:\Users\hp\AppData\Local\Android\Sdk\platform-tools;C:\Users\hp\AppData\Local\Android\Sdk\tools;C:\Users\hp\AppData\Local\Programs\Python\Launcher\
USERNAME=hp
OS=Windows_NT
PROCESSOR_IDENTIFIER=Intel64 Family 6 Model 154 Stepping 4, GenuineIntel



---------------  S Y S T E M  ---------------

OS:
 Windows 11 , 64 bit Build 26100 (10.0.26100.3912)
OS uptime: 0 days 20:30 hours
Hyper-V role detected

CPU: total 12 (initial active 12) (6 cores per cpu, 2 threads per core) family 6 model 154 stepping 4 microcode 0x42c, cx8, cmov, fxsr, ht, mmx, 3dnowpref, sse, sse2, sse3, ssse3, sse4.1, sse4.2, popcnt, lzcnt, tsc, tscinvbit, avx, avx2, aes, erms, clmul, bmi1, bmi2, adx, sha, fma, vzeroupper, clflush, clflushopt, clwb, hv

Memory: 4k page, system-wide physical 7860M (63M free)
TotalPageFile size 32436M (AvailPageFile size 0M)
current process WorkingSet (physical memory assigned to process): 43M, peak: 234M
current process commit charge ("private bytes"): 479M, peak: 480M

vm_info: Java HotSpot(TM) 64-Bit Server VM (17.0.12+8-LTS-286) for windows-amd64 JRE (17.0.12+8-LTS-286), built on Jun  5 2024 06:46:59 by "mach5one" with MS VC++ 17.6 (VS2022)

END.
