#
# There is insufficient memory for the Java Runtime Environment to continue.
# Native memory allocation (mmap) failed to map 175112192 bytes for G1 virtual space
# Possible reasons:
#   The system is out of physical RAM or swap space
#   The process is running with CompressedOops enabled, and the Java Heap may be blocking the growth of the native heap
# Possible solutions:
#   Reduce memory load on the system
#   Increase physical memory or swap space
#   Check if swap backing store is full
#   Decrease Java heap size (-Xmx/-Xms)
#   Decrease number of Java threads
#   Decrease Java thread stack sizes (-Xss)
#   Set larger code cache with -XX:ReservedCodeCacheSize=
#   JVM is running with Unscaled Compressed Oops mode in which the Java heap is
#     placed in the first 4GB address space. The Java Heap base address is the
#     maximum limit for the native heap growth. Please use -XX:HeapBaseMinAddress
#     to set the Java Heap base and to place the Java Heap above 4GB virtual address.
# This output file may be truncated or incomplete.
#
#  Out of Memory Error (os_windows.cpp:3548), pid=14040, tid=25052
#
# JRE version: Java(TM) SE Runtime Environment (17.0.12+8) (build 17.0.12+8-LTS-286)
# Java VM: Java HotSpot(TM) 64-Bit Server VM (17.0.12+8-LTS-286, mixed mode, sharing, tiered, compressed oops, compressed class ptrs, g1 gc, windows-amd64)
# No core dump will be written. Minidumps are not enabled by default on client versions of Windows
#

---------------  S U M M A R Y ------------

Command Line: -XX:MaxMetaspaceSize=512m --add-opens=java.base/java.util=ALL-UNNAMED --add-opens=java.base/java.lang=ALL-UNNAMED --add-opens=java.base/java.lang.invoke=ALL-UNNAMED --add-opens=java.prefs/java.util.prefs=ALL-UNNAMED --add-opens=java.base/java.nio.charset=ALL-UNNAMED --add-opens=java.base/java.net=ALL-UNNAMED --add-opens=java.base/java.util.concurrent.atomic=ALL-UNNAMED -Xmx2048m -Dfile.encoding=windows-1252 -Duser.country=AE -Duser.language=en -Duser.variant -javaagent:C:\Users\hp\.gradle\wrapper\dists\gradle-8.7-all\aan3ydargesu18aqyqjwhr3pc\gradle-8.7\lib\agents\gradle-instrumentation-agent-8.7.jar org.gradle.launcher.daemon.bootstrap.GradleDaemon 8.7

Host: 12th Gen Intel(R) Core(TM) i7-1255U, 12 cores, 7G,  Windows 11 , 64 bit Build 26100 (10.0.26100.3912)
Time: Tue Jul  1 23:12:18 2025 E. Africa Standard Time elapsed time: 9313.722841 seconds (0d 2h 35m 13s)

---------------  T H R E A D  ---------------

Current thread (0x0000023239ff2f10):  VMThread "VM Thread" [stack: 0x000000abaaa00000,0x000000abaab00000] [id=25052]

Stack: [0x000000abaaa00000,0x000000abaab00000]
Native frames: (J=compiled Java code, j=interpreted, Vv=VM code, C=native code)
V  [jvm.dll+0x67a04a]
V  [jvm.dll+0x7da4ed]
V  [jvm.dll+0x7dbe33]
V  [jvm.dll+0x7dc4a3]
V  [jvm.dll+0x24508f]
V  [jvm.dll+0x677089]
V  [jvm.dll+0x66bd32]
V  [jvm.dll+0x301fa6]
V  [jvm.dll+0x309546]
V  [jvm.dll+0x359d2e]
V  [jvm.dll+0x359f5f]
V  [jvm.dll+0x2d9078]
V  [jvm.dll+0x2d74ad]
V  [jvm.dll+0x2d6afc]
V  [jvm.dll+0x31a65b]
V  [jvm.dll+0x7e0d9b]
V  [jvm.dll+0x7e1ad4]
V  [jvm.dll+0x7e1fed]
V  [jvm.dll+0x7e23c4]
V  [jvm.dll+0x7e2490]
V  [jvm.dll+0x78abea]
V  [jvm.dll+0x678f35]
C  [ucrtbase.dll+0x37b0]
C  [KERNEL32.DLL+0x2e8d7]
C  [ntdll.dll+0x9c5dc]

VM_Operation (0x000000abac1f93d0): G1CollectForAllocation, mode: safepoint, requested by thread 0x000002325a0214d0


---------------  P R O C E S S  ---------------

Threads class SMR info:
_java_thread_list=0x000002325b20cf70, length=197, elements={
0x000002321b9be2c0, 0x0000023239ff7d10, 0x0000023239ff87e0, 0x000002323a00eef0,
0x000002323a0117d0, 0x000002323a0120a0, 0x000002323a012970, 0x000002323a013570,
0x000002323a013e80, 0x000002323a0167a0, 0x0000023239fe64c0, 0x000002323a306e10,
0x000002325af852b0, 0x000002325ac70110, 0x000002325a6c37b0, 0x000002325ae85000,
0x000002325ae85f30, 0x000002325ae86e60, 0x000002325ae87370, 0x000002325ae86440,
0x000002325abfaf60, 0x000002325abfb470, 0x000002325d0cf200, 0x000002325d1849a0,
0x000002325d185de0, 0x000002325e0c3ec0, 0x000002325e0c2570, 0x000002325e0c43d0,
0x000002325e0c94d0, 0x000002325e0c6c50, 0x000002325e0c7670, 0x000002325e0c99e0,
0x000002325e0c8ab0, 0x000002325e0c7b80, 0x0000023265670d80, 0x000002326566f430,
0x00000232656721c0, 0x0000023266cf2ee0, 0x000002325a020ab0, 0x000002325d183560,
0x000002325a020090, 0x0000023266094080, 0x0000023266096e10, 0x000002325a0205a0,
0x000002325a020fc0, 0x000002325a0214d0, 0x000002325e2d2800, 0x000002325e2d13c0,
0x000002325e2d18d0, 0x000002325e2d0eb0, 0x00000232663b8600, 0x00000232663b8b10,
0x00000232663b76d0, 0x00000232663b67a0, 0x00000232663b7be0, 0x0000023267866f20,
0x0000023267865ff0, 0x0000023267866500, 0x000002325e20fec0, 0x000002325e20e060,
0x000002325e211300, 0x000002325e2103d0, 0x000002325e20f9b0, 0x000002325e20ef90,
0x000002325e211810, 0x000002325e20e570, 0x000002325e20ea80, 0x000002325e2108e0,
0x0000023267867430, 0x0000023266582ac0, 0x000002325d17f8a0, 0x00000232663b80f0,
0x000002325d1807d0, 0x000002325d182b40, 0x000002325d183050, 0x000002325d1802c0,
0x000002325d17fdb0, 0x000002325d182630, 0x000002325d182120, 0x000002325d183f80,
0x000002325d180ce0, 0x000002325d183a70, 0x000002325d184490, 0x0000023267867940,
0x000002325d1811f0, 0x000002325d181700, 0x000002325d1853c0, 0x000002325d181c10,
0x000002325d1858d0, 0x000002325bf09280, 0x000002325bf07930, 0x000002325bf07e40,
0x000002325bf08350, 0x000002325bf08860, 0x000002325bf08d70, 0x000002325b5b8c50,
0x000002325b5b8230, 0x000002325e210df0, 0x0000023266b939c0, 0x0000023266b92070,
0x0000023266b93ed0, 0x0000023266b934b0, 0x0000023266b943e0, 0x0000023266094590,
0x0000023266094aa0, 0x0000023266094fb0, 0x0000023266096900, 0x0000023266097320,
0x000002325af8f520, 0x000002325a0219e0, 0x000002325e2d22f0, 0x0000023266030450,
0x0000023266031380, 0x000002326602fa30, 0x0000023266030960, 0x0000023266030e70,
0x000002326602ff40, 0x0000023266017de0, 0x0000023266015f80, 0x0000023266b7f6a0,
0x0000023266b7ec80, 0x0000023266b7f190, 0x000002325eee2ab0, 0x000002325eee2fc0,
0x000002325eee4e20, 0x000002325eee39e0, 0x000002325eee4400, 0x000002325eee4910,
0x000002325eee34d0, 0x000002325eee5330, 0x00000232660954c0, 0x00000232660959d0,
0x0000023266095ee0, 0x00000232660963f0, 0x0000023266097830, 0x0000023266cf3900,
0x0000023266cf33f0, 0x000002325ed4ca00, 0x000002325ed4bfe0, 0x000002325ed4e350,
0x000002325ed4f280, 0x000002325ed4c4f0, 0x000002325d186d10, 0x000002325d1862f0,
0x000002325d186800, 0x000002325d187220, 0x000002325d0ca100, 0x0000023266b948f0,
0x0000023266b92fa0, 0x0000023266b94e00, 0x0000023266b95310, 0x0000023266b91b60,
0x0000023266b92580, 0x000002325eee5840, 0x000002325eee2090, 0x000002325eee3ef0,
0x0000023266814630, 0x0000023266814b40, 0x0000023266814120, 0x0000023266813c10,
0x0000023266813700, 0x00000232668131f0, 0x000002325eee25a0, 0x000002325c389fb0,
0x0000023267866a10, 0x000002325e6b3ab0, 0x0000023266582fd0, 0x0000023266580750,
0x0000023266581b90, 0x0000023266580240, 0x0000023266581170, 0x000002325d0cba50,
0x000002325ed4cf10, 0x000002325ed4d420, 0x000002325ed4d930, 0x0000023266b92a90,
0x00000232675dceb0, 0x00000232675ddde0, 0x00000232675dc490, 0x00000232675dd3c0,
0x00000232675de800, 0x000002326680e500, 0x000002326680dff0, 0x0000023266810870,
0x0000023266810360, 0x000002326680dae0, 0x0000023266581680, 0x000002325d0cce90,
0x000002326704fa70, 0x00000232670509a0, 0x000002326704eb40, 0x00000232670513c0,
0x00000232670518d0, 0x000002325d0cc980, 0x000002325ed4e860, 0x00000232675dd8d0,
0x000002325d0cc470
}

Java Threads: ( => current thread )
  0x000002321b9be2c0 JavaThread "main" [_thread_blocked, id=33172, stack(0x000000abaa400000,0x000000abaa500000)]
  0x0000023239ff7d10 JavaThread "Reference Handler" daemon [_thread_blocked, id=39960, stack(0x000000abaab00000,0x000000abaac00000)]
  0x0000023239ff87e0 JavaThread "Finalizer" daemon [_thread_blocked, id=28488, stack(0x000000abaac00000,0x000000abaad00000)]
  0x000002323a00eef0 JavaThread "Signal Dispatcher" daemon [_thread_blocked, id=44936, stack(0x000000abaad00000,0x000000abaae00000)]
  0x000002323a0117d0 JavaThread "Attach Listener" daemon [_thread_blocked, id=44120, stack(0x000000abaae00000,0x000000abaaf00000)]
  0x000002323a0120a0 JavaThread "Service Thread" daemon [_thread_blocked, id=37668, stack(0x000000abaaf00000,0x000000abab000000)]
  0x000002323a012970 JavaThread "Monitor Deflation Thread" daemon [_thread_blocked, id=45464, stack(0x000000abab000000,0x000000abab100000)]
  0x000002323a013570 JavaThread "C2 CompilerThread0" daemon [_thread_blocked, id=34652, stack(0x000000abab100000,0x000000abab200000)]
  0x000002323a013e80 JavaThread "C1 CompilerThread0" daemon [_thread_blocked, id=15004, stack(0x000000abab200000,0x000000abab300000)]
  0x000002323a0167a0 JavaThread "Sweeper thread" daemon [_thread_blocked, id=41828, stack(0x000000abab300000,0x000000abab400000)]
  0x0000023239fe64c0 JavaThread "Common-Cleaner" daemon [_thread_blocked, id=30152, stack(0x000000abab400000,0x000000abab500000)]
  0x000002323a306e10 JavaThread "Notification Thread" daemon [_thread_blocked, id=24356, stack(0x000000abab500000,0x000000abab600000)]
  0x000002325af852b0 JavaThread "Daemon health stats" [_thread_blocked, id=29224, stack(0x000000ababb00000,0x000000ababc00000)]
  0x000002325ac70110 JavaThread "Incoming local TCP Connector on port 55599" [_thread_in_native, id=39692, stack(0x000000ababc00000,0x000000ababd00000)]
  0x000002325a6c37b0 JavaThread "Daemon periodic checks" [_thread_blocked, id=15300, stack(0x000000ababd00000,0x000000ababe00000)]
  0x000002325ae85000 JavaThread "Cache worker for journal cache (C:\Users\hp\.gradle\caches\journal-1)" [_thread_blocked, id=36008, stack(0x000000abac500000,0x000000abac600000)]
  0x000002325ae85f30 JavaThread "File lock request listener" [_thread_in_native, id=18204, stack(0x000000abac600000,0x000000abac700000)]
  0x000002325ae86e60 JavaThread "Cache worker for file hash cache (C:\Users\hp\.gradle\caches\8.7\fileHashes)" [_thread_blocked, id=46332, stack(0x000000abacc00000,0x000000abacd00000)]
  0x000002325ae87370 JavaThread "File watcher server" daemon [_thread_blocked, id=3780, stack(0x000000abace00000,0x000000abacf00000)]
  0x000002325ae86440 JavaThread "File watcher consumer" daemon [_thread_blocked, id=13132, stack(0x000000abacf00000,0x000000abad000000)]
  0x000002325abfaf60 JavaThread "Cache worker for file content cache (C:\Users\hp\.gradle\caches\8.7\fileContent)" [_thread_blocked, id=2704, stack(0x000000abad500000,0x000000abad600000)]
  0x000002325abfb470 JavaThread "jar transforms" [_thread_blocked, id=13084, stack(0x000000abad600000,0x000000abad700000)]
  0x000002325d0cf200 JavaThread "Memory manager" [_thread_blocked, id=33728, stack(0x000000abaf200000,0x000000abaf300000)]
  0x000002325d1849a0 JavaThread "jar transforms Thread 2" [_thread_blocked, id=39116, stack(0x000000abb4900000,0x000000abb4a00000)]
  0x000002325d185de0 JavaThread "jar transforms Thread 3" [_thread_blocked, id=34904, stack(0x000000abb4b00000,0x000000abb4c00000)]
  0x000002325e0c3ec0 JavaThread "jar transforms Thread 4" [_thread_blocked, id=42852, stack(0x000000abb7200000,0x000000abb7300000)]
  0x000002325e0c2570 JavaThread "jar transforms Thread 5" [_thread_blocked, id=41228, stack(0x000000abb7300000,0x000000abb7400000)]
  0x000002325e0c43d0 JavaThread "jar transforms Thread 6" [_thread_blocked, id=14620, stack(0x000000abb7400000,0x000000abb7500000)]
  0x000002325e0c94d0 JavaThread "jar transforms Thread 7" [_thread_blocked, id=27960, stack(0x000000abb7600000,0x000000abb7700000)]
  0x000002325e0c6c50 JavaThread "jar transforms Thread 8" [_thread_blocked, id=31036, stack(0x000000abb7700000,0x000000abb7800000)]
  0x000002325e0c7670 JavaThread "jar transforms Thread 9" [_thread_blocked, id=36808, stack(0x000000abaa100000,0x000000abaa200000)]
  0x000002325e0c99e0 JavaThread "jar transforms Thread 10" [_thread_blocked, id=35540, stack(0x000000abaa200000,0x000000abaa300000)]
  0x000002325e0c8ab0 JavaThread "jar transforms Thread 11" [_thread_blocked, id=24148, stack(0x000000abaa300000,0x000000abaa400000)]
  0x000002325e0c7b80 JavaThread "jar transforms Thread 12" [_thread_blocked, id=39384, stack(0x000000abaf900000,0x000000abafa00000)]
  0x0000023265670d80 JavaThread "pool-3-thread-1" [_thread_blocked, id=17352, stack(0x000000abb0300000,0x000000abb0400000)]
  0x000002326566f430 JavaThread "Monitor" [_thread_in_native, id=6544, stack(0x000000abaff00000,0x000000abb0000000)]
  0x00000232656721c0 JavaThread "Device List Monitor" [_thread_in_native, id=30764, stack(0x000000abaf500000,0x000000abaf600000)]
  0x0000023266cf2ee0 JavaThread "ForkJoinPool.commonPool-worker-15" daemon [_thread_blocked, id=15060, stack(0x000000abae600000,0x000000abae700000)]
  0x000002325a020ab0 JavaThread "ForkJoinPool.commonPool-worker-18" daemon [_thread_blocked, id=5552, stack(0x000000abae900000,0x000000abaea00000)]
  0x000002325d183560 JavaThread "ForkJoinPool.commonPool-worker-19" daemon [_thread_blocked, id=33508, stack(0x000000abaea00000,0x000000abaeb00000)]
  0x000002325a020090 JavaThread "ForkJoinPool.commonPool-worker-20" daemon [_thread_blocked, id=13900, stack(0x000000abaeb00000,0x000000abaec00000)]
  0x0000023266094080 JavaThread "pool-6-thread-1" [_thread_blocked, id=15012, stack(0x000000abb7800000,0x000000abb7900000)]
  0x0000023266096e10 JavaThread "Daemon Thread 3" [_thread_blocked, id=10672, stack(0x000000ababe00000,0x000000ababf00000)]
  0x000002325a0205a0 JavaThread "Handler for socket connection from /127.0.0.1:55599 to /127.0.0.1:51499" [_thread_in_native, id=46860, stack(0x000000ababf00000,0x000000abac000000)]
  0x000002325a020fc0 JavaThread "Cancel handler" [_thread_blocked, id=27864, stack(0x000000abac000000,0x000000abac100000)]
  0x000002325a0214d0 JavaThread "Daemon worker Thread 3" [_thread_blocked, id=45128, stack(0x000000abac100000,0x000000abac200000)]
  0x000002325e2d2800 JavaThread "Asynchronous log dispatcher for DefaultDaemonConnection: socket connection from /127.0.0.1:55599 to /127.0.0.1:51499" [_thread_blocked, id=41420, stack(0x000000abac200000,0x000000abac300000)]
  0x000002325e2d13c0 JavaThread "Stdin handler" [_thread_blocked, id=25672, stack(0x000000abac300000,0x000000abac400000)]
  0x000002325e2d18d0 JavaThread "Daemon client event forwarder" [_thread_blocked, id=26352, stack(0x000000abac400000,0x000000abac500000)]
  0x000002325e2d0eb0 JavaThread "Cache worker for file hash cache (C:\Users\hp\Desktop\Projects\Wakala\wakala\wakala_app\android\.gradle\8.7\fileHashes)" [_thread_blocked, id=41532, stack(0x000000abacd00000,0x000000abace00000)]
  0x00000232663b8600 JavaThread "Cache worker for checksums cache (C:\Users\hp\Desktop\Projects\Wakala\wakala\wakala_app\android\.gradle\8.7\checksums)" [_thread_blocked, id=43832, stack(0x000000abad200000,0x000000abad300000)]
  0x00000232663b8b10 JavaThread "Cache worker for cache directory md-supplier (C:\Users\hp\.gradle\caches\8.7\md-supplier)" [_thread_blocked, id=42300, stack(0x000000abad300000,0x000000abad400000)]
  0x00000232663b76d0 JavaThread "Cache worker for cache directory md-rule (C:\Users\hp\.gradle\caches\8.7\md-rule)" [_thread_blocked, id=32960, stack(0x000000abad400000,0x000000abad500000)]
  0x00000232663b67a0 JavaThread "Unconstrained build operations" [_thread_blocked, id=46268, stack(0x000000abad700000,0x000000abad800000)]
  0x00000232663b7be0 JavaThread "Unconstrained build operations Thread 2" [_thread_blocked, id=45452, stack(0x000000abad800000,0x000000abad900000)]
  0x0000023267866f20 JavaThread "Cache worker for Build Output Cleanup Cache (C:\Users\hp\Desktop\Projects\Wakala\wakala\wakala_app\node_modules\@react-native\gradle-plugin\.gradle\buildOutputCleanup)" [_thread_blocked, id=11352, stack(0x000000abad900000,0x000000abada00000)]
  0x0000023267865ff0 JavaThread "Unconstrained build operations Thread 3" [_thread_blocked, id=20820, stack(0x000000abada00000,0x000000abadb00000)]
  0x0000023267866500 JavaThread "Unconstrained build operations Thread 4" [_thread_blocked, id=9312, stack(0x000000abadb00000,0x000000abadc00000)]
  0x000002325e20fec0 JavaThread "Unconstrained build operations Thread 5" [_thread_blocked, id=42848, stack(0x000000abadc00000,0x000000abadd00000)]
  0x000002325e20e060 JavaThread "Unconstrained build operations Thread 6" [_thread_blocked, id=38384, stack(0x000000abadd00000,0x000000abade00000)]
  0x000002325e211300 JavaThread "Unconstrained build operations Thread 7" [_thread_blocked, id=46156, stack(0x000000abade00000,0x000000abadf00000)]
  0x000002325e2103d0 JavaThread "Unconstrained build operations Thread 8" [_thread_blocked, id=132, stack(0x000000abadf00000,0x000000abae000000)]
  0x000002325e20f9b0 JavaThread "Unconstrained build operations Thread 9" [_thread_blocked, id=31828, stack(0x000000abae000000,0x000000abae100000)]
  0x000002325e20ef90 JavaThread "Unconstrained build operations Thread 10" [_thread_blocked, id=3220, stack(0x000000abae100000,0x000000abae200000)]
  0x000002325e211810 JavaThread "Unconstrained build operations Thread 11" [_thread_blocked, id=20556, stack(0x000000abae200000,0x000000abae300000)]
  0x000002325e20e570 JavaThread "Unconstrained build operations Thread 12" [_thread_blocked, id=14868, stack(0x000000abae300000,0x000000abae400000)]
  0x000002325e20ea80 JavaThread "Unconstrained build operations Thread 13" [_thread_blocked, id=18276, stack(0x000000abae400000,0x000000abae500000)]
  0x000002325e2108e0 JavaThread "build event listener" [_thread_blocked, id=25680, stack(0x000000abae500000,0x000000abae600000)]
  0x0000023267867430 JavaThread "ForkJoinPool.commonPool-worker-26" daemon [_thread_blocked, id=28608, stack(0x000000abae700000,0x000000abae800000)]
  0x0000023266582ac0 JavaThread "ForkJoinPool.commonPool-worker-24" daemon [_thread_blocked, id=4684, stack(0x000000abae800000,0x000000abae900000)]
  0x000002325d17f8a0 JavaThread "ForkJoinPool.commonPool-worker-25" daemon [_thread_blocked, id=20920, stack(0x000000abaec00000,0x000000abaed00000)]
  0x00000232663b80f0 JavaThread "included builds" [_thread_blocked, id=5060, stack(0x000000abaed00000,0x000000abaee00000)]
  0x000002325d1807d0 JavaThread "Execution worker" [_thread_blocked, id=38344, stack(0x000000abaee00000,0x000000abaef00000)]
  0x000002325d182b40 JavaThread "Execution worker Thread 2" [_thread_blocked, id=13412, stack(0x000000abaef00000,0x000000abaf000000)]
  0x000002325d183050 JavaThread "Execution worker Thread 3" [_thread_blocked, id=9308, stack(0x000000abaf000000,0x000000abaf100000)]
  0x000002325d1802c0 JavaThread "Execution worker Thread 4" [_thread_blocked, id=32844, stack(0x000000abaf100000,0x000000abaf200000)]
  0x000002325d17fdb0 JavaThread "Execution worker Thread 5" [_thread_blocked, id=10180, stack(0x000000abaf300000,0x000000abaf400000)]
  0x000002325d182630 JavaThread "Execution worker Thread 6" [_thread_blocked, id=38080, stack(0x000000abaf600000,0x000000abaf700000)]
  0x000002325d182120 JavaThread "Execution worker Thread 7" [_thread_blocked, id=6660, stack(0x000000abafa00000,0x000000abafb00000)]
  0x000002325d183f80 JavaThread "Execution worker Thread 8" [_thread_blocked, id=32108, stack(0x000000abafb00000,0x000000abafc00000)]
  0x000002325d180ce0 JavaThread "Execution worker Thread 9" [_thread_blocked, id=36896, stack(0x000000abafc00000,0x000000abafd00000)]
  0x000002325d183a70 JavaThread "Execution worker Thread 10" [_thread_blocked, id=40408, stack(0x000000abafd00000,0x000000abafe00000)]
  0x000002325d184490 JavaThread "Execution worker Thread 11" [_thread_blocked, id=42380, stack(0x000000abafe00000,0x000000abaff00000)]
  0x0000023267867940 JavaThread "Cache worker for execution history cache (C:\Users\hp\Desktop\Projects\Wakala\wakala\wakala_app\node_modules\@react-native\gradle-plugin\.gradle\8.7\executionHistory)" [_thread_blocked, id=17660, stack(0x000000abb0000000,0x000000abb0100000)]
  0x000002325d1811f0 JavaThread "Unconstrained build operations Thread 14" [_thread_blocked, id=9272, stack(0x000000abb0100000,0x000000abb0200000)]
  0x000002325d181700 JavaThread "Unconstrained build operations Thread 15" [_thread_blocked, id=37620, stack(0x000000abb0200000,0x000000abb0300000)]
  0x000002325d1853c0 JavaThread "Unconstrained build operations Thread 16" [_thread_blocked, id=36344, stack(0x000000abb0400000,0x000000abb0500000)]
  0x000002325d181c10 JavaThread "Unconstrained build operations Thread 17" [_thread_blocked, id=23676, stack(0x000000abb0500000,0x000000abb0600000)]
  0x000002325d1858d0 JavaThread "Unconstrained build operations Thread 18" [_thread_blocked, id=30672, stack(0x000000abb0600000,0x000000abb0700000)]
  0x000002325bf09280 JavaThread "Unconstrained build operations Thread 19" [_thread_blocked, id=34624, stack(0x000000abb0700000,0x000000abb0800000)]
  0x000002325bf07930 JavaThread "Unconstrained build operations Thread 20" [_thread_blocked, id=38904, stack(0x000000abb0800000,0x000000abb0900000)]
  0x000002325bf07e40 JavaThread "Unconstrained build operations Thread 21" [_thread_blocked, id=41076, stack(0x000000abb0900000,0x000000abb0a00000)]
  0x000002325bf08350 JavaThread "Unconstrained build operations Thread 22" [_thread_blocked, id=23884, stack(0x000000abb0a00000,0x000000abb0b00000)]
  0x000002325bf08860 JavaThread "Unconstrained build operations Thread 23" [_thread_blocked, id=44732, stack(0x000000abb0b00000,0x000000abb0c00000)]
  0x000002325bf08d70 JavaThread "Unconstrained build operations Thread 24" [_thread_blocked, id=27264, stack(0x000000abb0c00000,0x000000abb0d00000)]
  0x000002325b5b8c50 JavaThread "Unconstrained build operations Thread 25" [_thread_blocked, id=17832, stack(0x000000abb0d00000,0x000000abb0e00000)]
  0x000002325b5b8230 JavaThread "Unconstrained build operations Thread 26" [_thread_blocked, id=24188, stack(0x000000abb0e00000,0x000000abb0f00000)]
  0x000002325e210df0 JavaThread "Unconstrained build operations Thread 27" [_thread_blocked, id=31608, stack(0x000000abb0f00000,0x000000abb1000000)]
  0x0000023266b939c0 JavaThread "Unconstrained build operations Thread 28" [_thread_blocked, id=36632, stack(0x000000abb1000000,0x000000abb1100000)]
  0x0000023266b92070 JavaThread "Unconstrained build operations Thread 29" [_thread_blocked, id=25012, stack(0x000000abb1100000,0x000000abb1200000)]
  0x0000023266b93ed0 JavaThread "Unconstrained build operations Thread 30" [_thread_blocked, id=25524, stack(0x000000abb1200000,0x000000abb1300000)]
  0x0000023266b934b0 JavaThread "Unconstrained build operations Thread 31" [_thread_blocked, id=46436, stack(0x000000abb1300000,0x000000abb1400000)]
  0x0000023266b943e0 JavaThread "Unconstrained build operations Thread 32" [_thread_blocked, id=31228, stack(0x000000abb1400000,0x000000abb1500000)]
  0x0000023266094590 JavaThread "Unconstrained build operations Thread 33" [_thread_blocked, id=27256, stack(0x000000abb1500000,0x000000abb1600000)]
  0x0000023266094aa0 JavaThread "Unconstrained build operations Thread 34" [_thread_blocked, id=21436, stack(0x000000abb1600000,0x000000abb1700000)]
  0x0000023266094fb0 JavaThread "Unconstrained build operations Thread 35" [_thread_blocked, id=35052, stack(0x000000abb1700000,0x000000abb1800000)]
  0x0000023266096900 JavaThread "Unconstrained build operations Thread 36" [_thread_blocked, id=10512, stack(0x000000abb1800000,0x000000abb1900000)]
  0x0000023266097320 JavaThread "Unconstrained build operations Thread 37" [_thread_blocked, id=22984, stack(0x000000abb1900000,0x000000abb1a00000)]
  0x000002325af8f520 JavaThread "Cache worker for Build Output Cleanup Cache (C:\Users\hp\Desktop\Projects\Wakala\wakala\wakala_app\android\.gradle\buildOutputCleanup)" [_thread_blocked, id=36644, stack(0x000000abb1a00000,0x000000abb1b00000)]
  0x000002325a0219e0 JavaThread "Unconstrained build operations Thread 38" [_thread_blocked, id=17060, stack(0x000000abb1b00000,0x000000abb1c00000)]
  0x000002325e2d22f0 JavaThread "Unconstrained build operations Thread 39" [_thread_blocked, id=32144, stack(0x000000abb1c00000,0x000000abb1d00000)]
  0x0000023266030450 JavaThread "Unconstrained build operations Thread 40" [_thread_blocked, id=45688, stack(0x000000abb1d00000,0x000000abb1e00000)]
  0x0000023266031380 JavaThread "Unconstrained build operations Thread 41" [_thread_blocked, id=34540, stack(0x000000abb1e00000,0x000000abb1f00000)]
  0x000002326602fa30 JavaThread "Unconstrained build operations Thread 42" [_thread_blocked, id=24816, stack(0x000000abb1f00000,0x000000abb2000000)]
  0x0000023266030960 JavaThread "Unconstrained build operations Thread 43" [_thread_blocked, id=21152, stack(0x000000abb2000000,0x000000abb2100000)]
  0x0000023266030e70 JavaThread "Unconstrained build operations Thread 44" [_thread_blocked, id=40228, stack(0x000000abb2100000,0x000000abb2200000)]
  0x000002326602ff40 JavaThread "Unconstrained build operations Thread 45" [_thread_blocked, id=20656, stack(0x000000abb2200000,0x000000abb2300000)]
  0x0000023266017de0 JavaThread "Unconstrained build operations Thread 46" [_thread_blocked, id=46932, stack(0x000000abb2300000,0x000000abb2400000)]
  0x0000023266015f80 JavaThread "Unconstrained build operations Thread 47" [_thread_blocked, id=44368, stack(0x000000abb2400000,0x000000abb2500000)]
  0x0000023266b7f6a0 JavaThread "Unconstrained build operations Thread 48" [_thread_blocked, id=30360, stack(0x000000abb2500000,0x000000abb2600000)]
  0x0000023266b7ec80 JavaThread "Unconstrained build operations Thread 49" [_thread_blocked, id=22656, stack(0x000000abb2600000,0x000000abb2700000)]
  0x0000023266b7f190 JavaThread "Unconstrained build operations Thread 50" [_thread_blocked, id=12728, stack(0x000000abb2700000,0x000000abb2800000)]
  0x000002325eee2ab0 JavaThread "Unconstrained build operations Thread 51" [_thread_blocked, id=44900, stack(0x000000abb2800000,0x000000abb2900000)]
  0x000002325eee2fc0 JavaThread "Unconstrained build operations Thread 52" [_thread_blocked, id=23232, stack(0x000000abb2900000,0x000000abb2a00000)]
  0x000002325eee4e20 JavaThread "Unconstrained build operations Thread 53" [_thread_blocked, id=31800, stack(0x000000abb2a00000,0x000000abb2b00000)]
  0x000002325eee39e0 JavaThread "Unconstrained build operations Thread 54" [_thread_blocked, id=11136, stack(0x000000abb2b00000,0x000000abb2c00000)]
  0x000002325eee4400 JavaThread "Unconstrained build operations Thread 55" [_thread_blocked, id=4736, stack(0x000000abb2c00000,0x000000abb2d00000)]
  0x000002325eee4910 JavaThread "Unconstrained build operations Thread 56" [_thread_blocked, id=4748, stack(0x000000abb2d00000,0x000000abb2e00000)]
  0x000002325eee34d0 JavaThread "Unconstrained build operations Thread 57" [_thread_blocked, id=32124, stack(0x000000abb2e00000,0x000000abb2f00000)]
  0x000002325eee5330 JavaThread "Unconstrained build operations Thread 58" [_thread_blocked, id=5944, stack(0x000000abb2f00000,0x000000abb3000000)]
  0x00000232660954c0 JavaThread "build event listener" [_thread_blocked, id=12180, stack(0x000000abb3000000,0x000000abb3100000)]
  0x00000232660959d0 JavaThread "Unconstrained build operations Thread 59" [_thread_blocked, id=23780, stack(0x000000abb3100000,0x000000abb3200000)]
  0x0000023266095ee0 JavaThread "Unconstrained build operations Thread 60" [_thread_blocked, id=15712, stack(0x000000abb3200000,0x000000abb3300000)]
  0x00000232660963f0 JavaThread "Unconstrained build operations Thread 61" [_thread_blocked, id=42132, stack(0x000000abb3300000,0x000000abb3400000)]
  0x0000023266097830 JavaThread "Unconstrained build operations Thread 62" [_thread_blocked, id=8604, stack(0x000000abb3400000,0x000000abb3500000)]
  0x0000023266cf3900 JavaThread "Unconstrained build operations Thread 63" [_thread_blocked, id=35108, stack(0x000000abb3500000,0x000000abb3600000)]
  0x0000023266cf33f0 JavaThread "Unconstrained build operations Thread 64" [_thread_blocked, id=23028, stack(0x000000abb3600000,0x000000abb3700000)]
  0x000002325ed4ca00 JavaThread "Unconstrained build operations Thread 65" [_thread_blocked, id=42432, stack(0x000000abb3700000,0x000000abb3800000)]
  0x000002325ed4bfe0 JavaThread "Unconstrained build operations Thread 66" [_thread_blocked, id=17924, stack(0x000000abb3800000,0x000000abb3900000)]
  0x000002325ed4e350 JavaThread "Unconstrained build operations Thread 67" [_thread_blocked, id=44952, stack(0x000000abb3900000,0x000000abb3a00000)]
  0x000002325ed4f280 JavaThread "Unconstrained build operations Thread 68" [_thread_blocked, id=26732, stack(0x000000abb3a00000,0x000000abb3b00000)]
  0x000002325ed4c4f0 JavaThread "Unconstrained build operations Thread 69" [_thread_blocked, id=32836, stack(0x000000abb3b00000,0x000000abb3c00000)]
  0x000002325d186d10 JavaThread "Unconstrained build operations Thread 70" [_thread_blocked, id=31360, stack(0x000000abb3c00000,0x000000abb3d00000)]
  0x000002325d1862f0 JavaThread "Unconstrained build operations Thread 71" [_thread_blocked, id=25160, stack(0x000000abb3d00000,0x000000abb3e00000)]
  0x000002325d186800 JavaThread "Unconstrained build operations Thread 72" [_thread_blocked, id=46060, stack(0x000000abb3e00000,0x000000abb3f00000)]
  0x000002325d187220 JavaThread "Unconstrained build operations Thread 73" [_thread_blocked, id=45620, stack(0x000000abb3f00000,0x000000abb4000000)]
  0x000002325d0ca100 JavaThread "Unconstrained build operations Thread 74" [_thread_blocked, id=35476, stack(0x000000abb4000000,0x000000abb4100000)]
  0x0000023266b948f0 JavaThread "Unconstrained build operations Thread 75" [_thread_blocked, id=26636, stack(0x000000abb4100000,0x000000abb4200000)]
  0x0000023266b92fa0 JavaThread "Unconstrained build operations Thread 76" [_thread_blocked, id=37876, stack(0x000000abb4200000,0x000000abb4300000)]
  0x0000023266b94e00 JavaThread "Unconstrained build operations Thread 77" [_thread_blocked, id=5364, stack(0x000000abb4300000,0x000000abb4400000)]
  0x0000023266b95310 JavaThread "Unconstrained build operations Thread 78" [_thread_blocked, id=17528, stack(0x000000abb4400000,0x000000abb4500000)]
  0x0000023266b91b60 JavaThread "Unconstrained build operations Thread 79" [_thread_blocked, id=39896, stack(0x000000abb4500000,0x000000abb4600000)]
  0x0000023266b92580 JavaThread "Unconstrained build operations Thread 80" [_thread_blocked, id=26172, stack(0x000000abb4600000,0x000000abb4700000)]
  0x000002325eee5840 JavaThread "Unconstrained build operations Thread 81" [_thread_blocked, id=38412, stack(0x000000abb4700000,0x000000abb4800000)]
  0x000002325eee2090 JavaThread "Unconstrained build operations Thread 82" [_thread_blocked, id=17692, stack(0x000000abb4800000,0x000000abb4900000)]
  0x000002325eee3ef0 JavaThread "Unconstrained build operations Thread 83" [_thread_blocked, id=25124, stack(0x000000abb4a00000,0x000000abb4b00000)]
  0x0000023266814630 JavaThread "Unconstrained build operations Thread 84" [_thread_blocked, id=9016, stack(0x000000abb4c00000,0x000000abb4d00000)]
  0x0000023266814b40 JavaThread "Unconstrained build operations Thread 85" [_thread_blocked, id=25168, stack(0x000000abb4d00000,0x000000abb4e00000)]
  0x0000023266814120 JavaThread "Unconstrained build operations Thread 86" [_thread_blocked, id=20320, stack(0x000000abb4e00000,0x000000abb4f00000)]
  0x0000023266813c10 JavaThread "Unconstrained build operations Thread 87" [_thread_blocked, id=13336, stack(0x000000abb4f00000,0x000000abb5000000)]
  0x0000023266813700 JavaThread "Unconstrained build operations Thread 88" [_thread_blocked, id=33444, stack(0x000000abb5000000,0x000000abb5100000)]
  0x00000232668131f0 JavaThread "Unconstrained build operations Thread 89" [_thread_blocked, id=7992, stack(0x000000abb5100000,0x000000abb5200000)]
  0x000002325eee25a0 JavaThread "Unconstrained build operations Thread 90" [_thread_blocked, id=46588, stack(0x000000abb5200000,0x000000abb5300000)]
  0x000002325c389fb0 JavaThread "Unconstrained build operations Thread 91" [_thread_blocked, id=21312, stack(0x000000abb5300000,0x000000abb5400000)]
  0x0000023267866a10 JavaThread "Unconstrained build operations Thread 92" [_thread_blocked, id=4620, stack(0x000000abb5400000,0x000000abb5500000)]
  0x000002325e6b3ab0 JavaThread "Unconstrained build operations Thread 93" [_thread_blocked, id=24280, stack(0x000000abb5500000,0x000000abb5600000)]
  0x0000023266582fd0 JavaThread "Unconstrained build operations Thread 94" [_thread_blocked, id=1504, stack(0x000000abb5600000,0x000000abb5700000)]
  0x0000023266580750 JavaThread "Unconstrained build operations Thread 95" [_thread_blocked, id=38208, stack(0x000000abb5700000,0x000000abb5800000)]
  0x0000023266581b90 JavaThread "Unconstrained build operations Thread 96" [_thread_blocked, id=37472, stack(0x000000abb5800000,0x000000abb5900000)]
  0x0000023266580240 JavaThread "Unconstrained build operations Thread 97" [_thread_blocked, id=15008, stack(0x000000abb5900000,0x000000abb5a00000)]
  0x0000023266581170 JavaThread "Unconstrained build operations Thread 98" [_thread_blocked, id=46668, stack(0x000000abb5a00000,0x000000abb5b00000)]
  0x000002325d0cba50 JavaThread "Unconstrained build operations Thread 99" [_thread_blocked, id=19876, stack(0x000000abb5b00000,0x000000abb5c00000)]
  0x000002325ed4cf10 JavaThread "Unconstrained build operations Thread 100" [_thread_blocked, id=23692, stack(0x000000abb5c00000,0x000000abb5d00000)]
  0x000002325ed4d420 JavaThread "Unconstrained build operations Thread 101" [_thread_blocked, id=45412, stack(0x000000abb5d00000,0x000000abb5e00000)]
  0x000002325ed4d930 JavaThread "Unconstrained build operations Thread 102" [_thread_blocked, id=45416, stack(0x000000abb5e00000,0x000000abb5f00000)]
  0x0000023266b92a90 JavaThread "Unconstrained build operations Thread 103" [_thread_blocked, id=17728, stack(0x000000abb5f00000,0x000000abb6000000)]
  0x00000232675dceb0 JavaThread "Unconstrained build operations Thread 104" [_thread_blocked, id=43860, stack(0x000000abb6000000,0x000000abb6100000)]
  0x00000232675ddde0 JavaThread "Unconstrained build operations Thread 105" [_thread_blocked, id=32928, stack(0x000000abb6100000,0x000000abb6200000)]
  0x00000232675dc490 JavaThread "Unconstrained build operations Thread 106" [_thread_blocked, id=44572, stack(0x000000abb6200000,0x000000abb6300000)]
  0x00000232675dd3c0 JavaThread "Unconstrained build operations Thread 107" [_thread_blocked, id=46784, stack(0x000000abb6300000,0x000000abb6400000)]
  0x00000232675de800 JavaThread "Unconstrained build operations Thread 108" [_thread_blocked, id=33612, stack(0x000000abb6400000,0x000000abb6500000)]
  0x000002326680e500 JavaThread "Unconstrained build operations Thread 109" [_thread_blocked, id=13668, stack(0x000000abb6500000,0x000000abb6600000)]
  0x000002326680dff0 JavaThread "Unconstrained build operations Thread 110" [_thread_blocked, id=46760, stack(0x000000abb6600000,0x000000abb6700000)]
  0x0000023266810870 JavaThread "Unconstrained build operations Thread 111" [_thread_blocked, id=35308, stack(0x000000abb6700000,0x000000abb6800000)]
  0x0000023266810360 JavaThread "Unconstrained build operations Thread 112" [_thread_blocked, id=44444, stack(0x000000abb6800000,0x000000abb6900000)]
  0x000002326680dae0 JavaThread "Unconstrained build operations Thread 113" [_thread_blocked, id=41764, stack(0x000000abb6900000,0x000000abb6a00000)]
  0x0000023266581680 JavaThread "Unconstrained build operations Thread 114" [_thread_blocked, id=29188, stack(0x000000abb6a00000,0x000000abb6b00000)]
  0x000002325d0cce90 JavaThread "Unconstrained build operations Thread 115" [_thread_blocked, id=32460, stack(0x000000abb6b00000,0x000000abb6c00000)]
  0x000002326704fa70 JavaThread "Unconstrained build operations Thread 116" [_thread_blocked, id=24632, stack(0x000000abb6c00000,0x000000abb6d00000)]
  0x00000232670509a0 JavaThread "Unconstrained build operations Thread 117" [_thread_blocked, id=41312, stack(0x000000abb6d00000,0x000000abb6e00000)]
  0x000002326704eb40 JavaThread "Unconstrained build operations Thread 118" [_thread_blocked, id=34924, stack(0x000000abb6e00000,0x000000abb6f00000)]
  0x00000232670513c0 JavaThread "Unconstrained build operations Thread 119" [_thread_blocked, id=33328, stack(0x000000abb6f00000,0x000000abb7000000)]
  0x00000232670518d0 JavaThread "Unconstrained build operations Thread 120" [_thread_blocked, id=46744, stack(0x000000abb7000000,0x000000abb7100000)]
  0x000002325d0cc980 JavaThread "ForkJoinPool.commonPool-worker-28" daemon [_thread_blocked, id=28912, stack(0x000000abb7100000,0x000000abb7200000)]
  0x000002325ed4e860 JavaThread "ForkJoinPool.commonPool-worker-30" daemon [_thread_blocked, id=40992, stack(0x000000abb7500000,0x000000abb7600000)]
  0x00000232675dd8d0 JavaThread "ForkJoinPool.commonPool-worker-27" daemon [_thread_blocked, id=2900, stack(0x000000abb7900000,0x000000abb7a00000)]
  0x000002325d0cc470 JavaThread "ForkJoinPool.commonPool-worker-29" daemon [_thread_blocked, id=26700, stack(0x000000abb7a00000,0x000000abb7b00000)]

Other Threads:
=>0x0000023239ff2f10 VMThread "VM Thread" [stack: 0x000000abaaa00000,0x000000abaab00000] [id=25052]
  0x000002323a30afd0 WatcherThread [stack: 0x000000abab600000,0x000000abab700000] [id=9372]
  0x00000232197ce830 GCTaskThread "GC Thread#0" [stack: 0x000000abaa500000,0x000000abaa600000] [id=40968]
  0x000002323acbd750 GCTaskThread "GC Thread#1" [stack: 0x000000abab700000,0x000000abab800000] [id=14668]
  0x000002323acbc410 GCTaskThread "GC Thread#2" [stack: 0x000000abab800000,0x000000abab900000] [id=46600]
  0x000002323acbdcd0 GCTaskThread "GC Thread#3" [stack: 0x000000abab900000,0x000000ababa00000] [id=3248]
  0x000002323acbd1d0 GCTaskThread "GC Thread#4" [stack: 0x000000ababa00000,0x000000ababb00000] [id=28572]
  0x000002323acbdf90 GCTaskThread "GC Thread#5" [stack: 0x000000abac700000,0x000000abac800000] [id=8148]
  0x000002323acbd490 GCTaskThread "GC Thread#6" [stack: 0x000000abac800000,0x000000abac900000] [id=30372]
  0x000002323acbc990 GCTaskThread "GC Thread#7" [stack: 0x000000abac900000,0x000000abaca00000] [id=13788]
  0x000002323acbcf10 GCTaskThread "GC Thread#8" [stack: 0x000000abaca00000,0x000000abacb00000] [id=42200]
  0x000002323acbcc50 GCTaskThread "GC Thread#9" [stack: 0x000000abacb00000,0x000000abacc00000] [id=6028]
  0x000002321ba29c10 ConcurrentGCThread "G1 Main Marker" [stack: 0x000000abaa600000,0x000000abaa700000] [id=37148]
  0x000002321ba2a530 ConcurrentGCThread "G1 Conc#0" [stack: 0x000000abaa700000,0x000000abaa800000] [id=45488]
  0x000002325c558520 ConcurrentGCThread "G1 Conc#1" [stack: 0x000000abad000000,0x000000abad100000] [id=36656]
  0x000002325c5587e0 ConcurrentGCThread "G1 Conc#2" [stack: 0x000000abad100000,0x000000abad200000] [id=28060]
  0x000002321ba783c0 ConcurrentGCThread "G1 Refine#0" [stack: 0x000000abaa800000,0x000000abaa900000] [id=28172]
  0x000002325b5b4af0 ConcurrentGCThread "G1 Refine#1" [stack: 0x000000abaf400000,0x000000abaf500000] [id=14012]
  0x000002325f06cdd0 ConcurrentGCThread "G1 Refine#2" [stack: 0x000000abaf700000,0x000000abaf800000] [id=10648]
  0x000002326687b7a0 ConcurrentGCThread "G1 Refine#3" [stack: 0x000000abaf800000,0x000000abaf900000] [id=35788]
  0x000002321ba78ba0 ConcurrentGCThread "G1 Service" [stack: 0x000000abaa900000,0x000000abaaa00000] [id=16032]

Threads with active compile tasks:
C2 CompilerThread0  9313832 26687       4       org.gradle.api.internal.artifacts.ivyservice.resolveengine.result.DefaultResolutionResultBuilder::visitOutgoingEdges (487 bytes)

VM state: at safepoint (normal execution)

VM Mutex/Monitor currently owned by a thread:  ([mutex/lock_event])
[0x000002321b9b9ac0] Threads_lock - owner thread: 0x0000023239ff2f10
[0x000002321b9b99a0] Heap_lock - owner thread: 0x000002325a0214d0

Heap address: 0x0000000080000000, size: 2048 MB, Compressed Oops mode: 32-bit

CDS archive(s) mapped at: [0x000002323b000000-0x000002323bbd0000-0x000002323bbd0000), size 12386304, SharedBaseAddress: 0x000002323b000000, ArchiveRelocationMode: 1.
Compressed class space mapped at: 0x000002323c000000-0x0000023256000000, reserved size: 436207616
Narrow klass base: 0x000002323b000000, Narrow klass shift: 0, Narrow klass range: 0x100000000

GC Precious Log:
 CPUs: 12 total, 12 available
 Memory: 7860M
 Large Page Support: Disabled
 NUMA Support: Disabled
 Compressed Oops: Enabled (32-bit)
 Heap Region Size: 1M
 Heap Min Capacity: 8M
 Heap Initial Capacity: 124M
 Heap Max Capacity: 2G
 Pre-touch: Disabled
 Parallel Workers: 10
 Concurrent Workers: 3
 Concurrent Refinement Workers: 10
 Periodic GC: Disabled

Heap:
 garbage-first heap   total 499712K, used 456938K [0x0000000080000000, 0x0000000100000000)
  region size 1024K, 3 young (3072K), 3 survivors (3072K)
 Metaspace       used 130052K, committed 132224K, reserved 557056K
  class space    used 17268K, committed 18304K, reserved 425984K

Heap Regions: E=young(eden), S=young(survivor), O=old, HS=humongous(starts), HC=humongous(continues), CS=collection set, F=free, OA=open archive, CA=closed archive, TAMS=top-at-mark-start (previous, next)
|   0|0x0000000080000000, 0x0000000080100000, 0x0000000080100000|100%|HS|  |TAMS 0x0000000080100000, 0x0000000080100000| Complete 
|   1|0x0000000080100000, 0x0000000080200000, 0x0000000080200000|100%|HC|  |TAMS 0x0000000080200000, 0x0000000080200000| Complete 
|   2|0x0000000080200000, 0x0000000080300000, 0x0000000080300000|100%|HC|  |TAMS 0x0000000080300000, 0x0000000080300000| Complete 
|   3|0x0000000080300000, 0x0000000080400000, 0x0000000080400000|100%|HC|  |TAMS 0x0000000080400000, 0x0000000080400000| Complete 
|   4|0x0000000080400000, 0x0000000080500000, 0x0000000080500000|100%| O|  |TAMS 0x0000000080500000, 0x0000000080500000| Untracked 
|   5|0x0000000080500000, 0x0000000080600000, 0x0000000080600000|100%| O|  |TAMS 0x0000000080600000, 0x0000000080600000| Untracked 
|   6|0x0000000080600000, 0x0000000080700000, 0x0000000080700000|100%| O|  |TAMS 0x0000000080700000, 0x0000000080700000| Untracked 
|   7|0x0000000080700000, 0x0000000080800000, 0x0000000080800000|100%| O|  |TAMS 0x0000000080800000, 0x0000000080800000| Untracked 
|   8|0x0000000080800000, 0x0000000080900000, 0x0000000080900000|100%| O|  |TAMS 0x0000000080900000, 0x0000000080900000| Untracked 
|   9|0x0000000080900000, 0x0000000080a00000, 0x0000000080a00000|100%| O|  |TAMS 0x0000000080a00000, 0x0000000080a00000| Untracked 
|  10|0x0000000080a00000, 0x0000000080b00000, 0x0000000080b00000|100%| O|  |TAMS 0x0000000080b00000, 0x0000000080b00000| Untracked 
|  11|0x0000000080b00000, 0x0000000080c00000, 0x0000000080c00000|100%| O|  |TAMS 0x0000000080c00000, 0x0000000080c00000| Untracked 
|  12|0x0000000080c00000, 0x0000000080d00000, 0x0000000080d00000|100%| O|  |TAMS 0x0000000080d00000, 0x0000000080d00000| Untracked 
|  13|0x0000000080d00000, 0x0000000080e00000, 0x0000000080e00000|100%| O|  |TAMS 0x0000000080e00000, 0x0000000080e00000| Untracked 
|  14|0x0000000080e00000, 0x0000000080f00000, 0x0000000080f00000|100%| O|  |TAMS 0x0000000080f00000, 0x0000000080f00000| Untracked 
|  15|0x0000000080f00000, 0x0000000081000000, 0x0000000081000000|100%| O|  |TAMS 0x0000000081000000, 0x0000000081000000| Untracked 
|  16|0x0000000081000000, 0x0000000081100000, 0x0000000081100000|100%| O|  |TAMS 0x0000000081100000, 0x0000000081100000| Untracked 
|  17|0x0000000081100000, 0x0000000081200000, 0x0000000081200000|100%| O|  |TAMS 0x0000000081200000, 0x0000000081200000| Untracked 
|  18|0x0000000081200000, 0x0000000081300000, 0x0000000081300000|100%| O|  |TAMS 0x0000000081300000, 0x0000000081300000| Untracked 
|  19|0x0000000081300000, 0x0000000081400000, 0x0000000081400000|100%|HS|  |TAMS 0x0000000081400000, 0x0000000081400000| Complete 
|  20|0x0000000081400000, 0x0000000081500000, 0x0000000081500000|100%| O|  |TAMS 0x0000000081500000, 0x0000000081500000| Untracked 
|  21|0x0000000081500000, 0x0000000081600000, 0x0000000081600000|100%| O|  |TAMS 0x0000000081600000, 0x0000000081600000| Untracked 
|  22|0x0000000081600000, 0x0000000081700000, 0x0000000081700000|100%| O|  |TAMS 0x0000000081700000, 0x0000000081700000| Untracked 
|  23|0x0000000081700000, 0x0000000081800000, 0x0000000081800000|100%| O|  |TAMS 0x0000000081800000, 0x0000000081800000| Untracked 
|  24|0x0000000081800000, 0x0000000081900000, 0x0000000081900000|100%| O|  |TAMS 0x0000000081900000, 0x0000000081900000| Untracked 
|  25|0x0000000081900000, 0x0000000081a00000, 0x0000000081a00000|100%| O|  |TAMS 0x0000000081a00000, 0x0000000081a00000| Untracked 
|  26|0x0000000081a00000, 0x0000000081b00000, 0x0000000081b00000|100%| O|  |TAMS 0x0000000081b00000, 0x0000000081b00000| Untracked 
|  27|0x0000000081b00000, 0x0000000081c00000, 0x0000000081c00000|100%| O|  |TAMS 0x0000000081c00000, 0x0000000081c00000| Untracked 
|  28|0x0000000081c00000, 0x0000000081d00000, 0x0000000081d00000|100%| O|  |TAMS 0x0000000081d00000, 0x0000000081d00000| Untracked 
|  29|0x0000000081d00000, 0x0000000081e00000, 0x0000000081e00000|100%| O|  |TAMS 0x0000000081e00000, 0x0000000081e00000| Untracked 
|  30|0x0000000081e00000, 0x0000000081f00000, 0x0000000081f00000|100%| O|  |TAMS 0x0000000081f00000, 0x0000000081f00000| Untracked 
|  31|0x0000000081f00000, 0x0000000082000000, 0x0000000082000000|100%| O|  |TAMS 0x0000000082000000, 0x0000000082000000| Untracked 
|  32|0x0000000082000000, 0x0000000082100000, 0x0000000082100000|100%| O|  |TAMS 0x0000000082100000, 0x0000000082100000| Untracked 
|  33|0x0000000082100000, 0x0000000082200000, 0x0000000082200000|100%| O|  |TAMS 0x0000000082200000, 0x0000000082200000| Untracked 
|  34|0x0000000082200000, 0x0000000082300000, 0x0000000082300000|100%| O|  |TAMS 0x0000000082300000, 0x0000000082300000| Untracked 
|  35|0x0000000082300000, 0x0000000082400000, 0x0000000082400000|100%| O|  |TAMS 0x0000000082400000, 0x0000000082400000| Untracked 
|  36|0x0000000082400000, 0x0000000082500000, 0x0000000082500000|100%| O|  |TAMS 0x0000000082500000, 0x0000000082500000| Untracked 
|  37|0x0000000082500000, 0x0000000082600000, 0x0000000082600000|100%| O|  |TAMS 0x0000000082600000, 0x0000000082600000| Untracked 
|  38|0x0000000082600000, 0x0000000082700000, 0x0000000082700000|100%| O|  |TAMS 0x0000000082700000, 0x0000000082700000| Untracked 
|  39|0x0000000082700000, 0x0000000082800000, 0x0000000082800000|100%| O|  |TAMS 0x0000000082800000, 0x0000000082800000| Untracked 
|  40|0x0000000082800000, 0x0000000082900000, 0x0000000082900000|100%| O|  |TAMS 0x0000000082900000, 0x0000000082900000| Untracked 
|  41|0x0000000082900000, 0x0000000082a00000, 0x0000000082a00000|100%|HS|  |TAMS 0x0000000082a00000, 0x0000000082a00000| Complete 
|  42|0x0000000082a00000, 0x0000000082b00000, 0x0000000082b00000|100%| O|  |TAMS 0x0000000082b00000, 0x0000000082b00000| Untracked 
|  43|0x0000000082b00000, 0x0000000082c00000, 0x0000000082c00000|100%|HS|  |TAMS 0x0000000082c00000, 0x0000000082c00000| Complete 
|  44|0x0000000082c00000, 0x0000000082d00000, 0x0000000082d00000|100%|HC|  |TAMS 0x0000000082d00000, 0x0000000082d00000| Complete 
|  45|0x0000000082d00000, 0x0000000082e00000, 0x0000000082e00000|100%|HS|  |TAMS 0x0000000082e00000, 0x0000000082e00000| Complete 
|  46|0x0000000082e00000, 0x0000000082f00000, 0x0000000082f00000|100%|HC|  |TAMS 0x0000000082f00000, 0x0000000082f00000| Complete 
|  47|0x0000000082f00000, 0x0000000083000000, 0x0000000083000000|100%|HS|  |TAMS 0x0000000083000000, 0x0000000083000000| Complete 
|  48|0x0000000083000000, 0x0000000083100000, 0x0000000083100000|100%|HC|  |TAMS 0x0000000083100000, 0x0000000083100000| Complete 
|  49|0x0000000083100000, 0x0000000083200000, 0x0000000083200000|100%|HC|  |TAMS 0x0000000083200000, 0x0000000083200000| Complete 
|  50|0x0000000083200000, 0x0000000083300000, 0x0000000083300000|100%|HC|  |TAMS 0x0000000083300000, 0x0000000083300000| Complete 
|  51|0x0000000083300000, 0x0000000083400000, 0x0000000083400000|100%|HS|  |TAMS 0x0000000083400000, 0x0000000083400000| Complete 
|  52|0x0000000083400000, 0x0000000083500000, 0x0000000083500000|100%|HC|  |TAMS 0x0000000083500000, 0x0000000083500000| Complete 
|  53|0x0000000083500000, 0x0000000083600000, 0x0000000083600000|100%|HC|  |TAMS 0x0000000083600000, 0x0000000083600000| Complete 
|  54|0x0000000083600000, 0x0000000083700000, 0x0000000083700000|100%|HC|  |TAMS 0x0000000083700000, 0x0000000083700000| Complete 
|  55|0x0000000083700000, 0x0000000083800000, 0x0000000083800000|100%| O|  |TAMS 0x0000000083800000, 0x0000000083800000| Untracked 
|  56|0x0000000083800000, 0x0000000083900000, 0x0000000083900000|100%| O|  |TAMS 0x0000000083900000, 0x0000000083900000| Untracked 
|  57|0x0000000083900000, 0x0000000083a00000, 0x0000000083a00000|100%| O|  |TAMS 0x0000000083a00000, 0x0000000083a00000| Untracked 
|  58|0x0000000083a00000, 0x0000000083b00000, 0x0000000083b00000|100%| O|  |TAMS 0x0000000083b00000, 0x0000000083b00000| Untracked 
|  59|0x0000000083b00000, 0x0000000083c00000, 0x0000000083c00000|100%| O|  |TAMS 0x0000000083c00000, 0x0000000083c00000| Untracked 
|  60|0x0000000083c00000, 0x0000000083d00000, 0x0000000083d00000|100%| O|  |TAMS 0x0000000083d00000, 0x0000000083d00000| Untracked 
|  61|0x0000000083d00000, 0x0000000083e00000, 0x0000000083e00000|100%| O|  |TAMS 0x0000000083e00000, 0x0000000083e00000| Untracked 
|  62|0x0000000083e00000, 0x0000000083f00000, 0x0000000083f00000|100%| O|  |TAMS 0x0000000083f00000, 0x0000000083f00000| Untracked 
|  63|0x0000000083f00000, 0x0000000084000000, 0x0000000084000000|100%| O|  |TAMS 0x0000000084000000, 0x0000000084000000| Untracked 
|  64|0x0000000084000000, 0x0000000084100000, 0x0000000084100000|100%| O|  |TAMS 0x0000000084100000, 0x0000000084100000| Untracked 
|  65|0x0000000084100000, 0x0000000084200000, 0x0000000084200000|100%| O|  |TAMS 0x0000000084200000, 0x0000000084200000| Untracked 
|  66|0x0000000084200000, 0x0000000084300000, 0x0000000084300000|100%| O|  |TAMS 0x0000000084300000, 0x0000000084300000| Untracked 
|  67|0x0000000084300000, 0x0000000084400000, 0x0000000084400000|100%| O|  |TAMS 0x0000000084400000, 0x0000000084400000| Untracked 
|  68|0x0000000084400000, 0x0000000084500000, 0x0000000084500000|100%| O|  |TAMS 0x0000000084500000, 0x0000000084500000| Untracked 
|  69|0x0000000084500000, 0x0000000084600000, 0x0000000084600000|100%| O|  |TAMS 0x0000000084600000, 0x0000000084600000| Untracked 
|  70|0x0000000084600000, 0x0000000084700000, 0x0000000084700000|100%| O|  |TAMS 0x0000000084700000, 0x0000000084700000| Untracked 
|  71|0x0000000084700000, 0x0000000084800000, 0x0000000084800000|100%| O|  |TAMS 0x0000000084800000, 0x0000000084800000| Untracked 
|  72|0x0000000084800000, 0x0000000084900000, 0x0000000084900000|100%| O|  |TAMS 0x0000000084900000, 0x0000000084900000| Untracked 
|  73|0x0000000084900000, 0x0000000084a00000, 0x0000000084a00000|100%| O|  |TAMS 0x0000000084a00000, 0x0000000084a00000| Untracked 
|  74|0x0000000084a00000, 0x0000000084b00000, 0x0000000084b00000|100%| O|  |TAMS 0x0000000084b00000, 0x0000000084b00000| Untracked 
|  75|0x0000000084b00000, 0x0000000084c00000, 0x0000000084c00000|100%| O|  |TAMS 0x0000000084c00000, 0x0000000084c00000| Untracked 
|  76|0x0000000084c00000, 0x0000000084d00000, 0x0000000084d00000|100%| O|  |TAMS 0x0000000084d00000, 0x0000000084d00000| Untracked 
|  77|0x0000000084d00000, 0x0000000084e00000, 0x0000000084e00000|100%| O|  |TAMS 0x0000000084e00000, 0x0000000084e00000| Untracked 
|  78|0x0000000084e00000, 0x0000000084f00000, 0x0000000084f00000|100%| O|  |TAMS 0x0000000084f00000, 0x0000000084f00000| Untracked 
|  79|0x0000000084f00000, 0x0000000085000000, 0x0000000085000000|100%| O|  |TAMS 0x0000000085000000, 0x0000000085000000| Untracked 
|  80|0x0000000085000000, 0x0000000085100000, 0x0000000085100000|100%| O|  |TAMS 0x0000000085100000, 0x0000000085100000| Untracked 
|  81|0x0000000085100000, 0x0000000085200000, 0x0000000085200000|100%| O|  |TAMS 0x0000000085200000, 0x0000000085200000| Untracked 
|  82|0x0000000085200000, 0x0000000085300000, 0x0000000085300000|100%| O|  |TAMS 0x0000000085200000, 0x0000000085300000| Untracked 
|  83|0x0000000085300000, 0x0000000085400000, 0x0000000085400000|100%|HS|  |TAMS 0x0000000085400000, 0x0000000085400000| Complete 
|  84|0x0000000085400000, 0x0000000085500000, 0x0000000085500000|100%|HS|  |TAMS 0x0000000085500000, 0x0000000085500000| Complete 
|  85|0x0000000085500000, 0x0000000085600000, 0x0000000085600000|100%| O|  |TAMS 0x0000000085600000, 0x0000000085600000| Untracked 
|  86|0x0000000085600000, 0x0000000085700000, 0x0000000085700000|100%|HS|  |TAMS 0x0000000085700000, 0x0000000085700000| Complete 
|  87|0x0000000085700000, 0x0000000085800000, 0x0000000085800000|100%|HS|  |TAMS 0x0000000085800000, 0x0000000085800000| Complete 
|  88|0x0000000085800000, 0x0000000085900000, 0x0000000085900000|100%| O|  |TAMS 0x0000000085800000, 0x0000000085900000| Untracked 
|  89|0x0000000085900000, 0x0000000085a00000, 0x0000000085a00000|100%| O|  |TAMS 0x0000000085a00000, 0x0000000085a00000| Untracked 
|  90|0x0000000085a00000, 0x0000000085b00000, 0x0000000085b00000|100%| O|  |TAMS 0x0000000085b00000, 0x0000000085b00000| Untracked 
|  91|0x0000000085b00000, 0x0000000085c00000, 0x0000000085c00000|100%| O|  |TAMS 0x0000000085b00000, 0x0000000085c00000| Untracked 
|  92|0x0000000085c00000, 0x0000000085d00000, 0x0000000085d00000|100%| O|  |TAMS 0x0000000085d00000, 0x0000000085d00000| Untracked 
|  93|0x0000000085d00000, 0x0000000085e00000, 0x0000000085e00000|100%| O|  |TAMS 0x0000000085e00000, 0x0000000085e00000| Untracked 
|  94|0x0000000085e00000, 0x0000000085f00000, 0x0000000085f00000|100%| O|  |TAMS 0x0000000085f00000, 0x0000000085f00000| Untracked 
|  95|0x0000000085f00000, 0x0000000086000000, 0x0000000086000000|100%| O|  |TAMS 0x0000000086000000, 0x0000000086000000| Untracked 
|  96|0x0000000086000000, 0x0000000086100000, 0x0000000086100000|100%| O|  |TAMS 0x0000000086100000, 0x0000000086100000| Untracked 
|  97|0x0000000086100000, 0x0000000086200000, 0x0000000086200000|100%| O|  |TAMS 0x0000000086200000, 0x0000000086200000| Untracked 
|  98|0x0000000086200000, 0x0000000086300000, 0x0000000086300000|100%| O|  |TAMS 0x0000000086300000, 0x0000000086300000| Untracked 
|  99|0x0000000086300000, 0x0000000086400000, 0x0000000086400000|100%|HS|  |TAMS 0x0000000086400000, 0x0000000086400000| Complete 
| 100|0x0000000086400000, 0x0000000086500000, 0x0000000086500000|100%| O|  |TAMS 0x0000000086500000, 0x0000000086500000| Untracked 
| 101|0x0000000086500000, 0x0000000086600000, 0x0000000086600000|100%| O|  |TAMS 0x0000000086600000, 0x0000000086600000| Untracked 
| 102|0x0000000086600000, 0x0000000086700000, 0x0000000086700000|100%| O|  |TAMS 0x0000000086700000, 0x0000000086700000| Untracked 
| 103|0x0000000086700000, 0x0000000086800000, 0x0000000086800000|100%| O|  |TAMS 0x0000000086800000, 0x0000000086800000| Untracked 
| 104|0x0000000086800000, 0x0000000086900000, 0x0000000086900000|100%| O|  |TAMS 0x0000000086900000, 0x0000000086900000| Untracked 
| 105|0x0000000086900000, 0x0000000086a00000, 0x0000000086a00000|100%| O|  |TAMS 0x0000000086a00000, 0x0000000086a00000| Untracked 
| 106|0x0000000086a00000, 0x0000000086b00000, 0x0000000086b00000|100%| O|  |TAMS 0x0000000086b00000, 0x0000000086b00000| Untracked 
| 107|0x0000000086b00000, 0x0000000086c00000, 0x0000000086c00000|100%| O|  |TAMS 0x0000000086c00000, 0x0000000086c00000| Untracked 
| 108|0x0000000086c00000, 0x0000000086d00000, 0x0000000086d00000|100%| O|  |TAMS 0x0000000086d00000, 0x0000000086d00000| Untracked 
| 109|0x0000000086d00000, 0x0000000086e00000, 0x0000000086e00000|100%|HS|  |TAMS 0x0000000086e00000, 0x0000000086e00000| Complete 
| 110|0x0000000086e00000, 0x0000000086f00000, 0x0000000086f00000|100%|HC|  |TAMS 0x0000000086f00000, 0x0000000086f00000| Complete 
| 111|0x0000000086f00000, 0x0000000087000000, 0x0000000087000000|100%|HS|  |TAMS 0x0000000087000000, 0x0000000087000000| Complete 
| 112|0x0000000087000000, 0x0000000087100000, 0x0000000087100000|100%|HC|  |TAMS 0x0000000087100000, 0x0000000087100000| Complete 
| 113|0x0000000087100000, 0x0000000087200000, 0x0000000087200000|100%|HC|  |TAMS 0x0000000087200000, 0x0000000087200000| Complete 
| 114|0x0000000087200000, 0x0000000087300000, 0x0000000087300000|100%|HC|  |TAMS 0x0000000087300000, 0x0000000087300000| Complete 
| 115|0x0000000087300000, 0x0000000087400000, 0x0000000087400000|100%| O|  |TAMS 0x0000000087400000, 0x0000000087400000| Untracked 
| 116|0x0000000087400000, 0x0000000087500000, 0x0000000087500000|100%| O|  |TAMS 0x0000000087500000, 0x0000000087500000| Untracked 
| 117|0x0000000087500000, 0x0000000087600000, 0x0000000087600000|100%| O|  |TAMS 0x0000000087600000, 0x0000000087600000| Untracked 
| 118|0x0000000087600000, 0x0000000087700000, 0x0000000087700000|100%| O|  |TAMS 0x0000000087700000, 0x0000000087700000| Untracked 
| 119|0x0000000087700000, 0x0000000087800000, 0x0000000087800000|100%| O|  |TAMS 0x0000000087800000, 0x0000000087800000| Untracked 
| 120|0x0000000087800000, 0x0000000087900000, 0x0000000087900000|100%| O|  |TAMS 0x0000000087900000, 0x0000000087900000| Untracked 
| 121|0x0000000087900000, 0x0000000087a00000, 0x0000000087a00000|100%| O|  |TAMS 0x0000000087a00000, 0x0000000087a00000| Untracked 
| 122|0x0000000087a00000, 0x0000000087b00000, 0x0000000087b00000|100%| O|  |TAMS 0x0000000087a65a00, 0x0000000087b00000| Untracked 
| 123|0x0000000087b00000, 0x0000000087c00000, 0x0000000087c00000|100%| O|  |TAMS 0x0000000087b00000, 0x0000000087c00000| Untracked 
| 124|0x0000000087c00000, 0x0000000087d00000, 0x0000000087d00000|100%| O|  |TAMS 0x0000000087c00000, 0x0000000087d00000| Untracked 
| 125|0x0000000087d00000, 0x0000000087e00000, 0x0000000087e00000|100%| O|  |TAMS 0x0000000087d00000, 0x0000000087e00000| Untracked 
| 126|0x0000000087e00000, 0x0000000087f00000, 0x0000000087f00000|100%| O|  |TAMS 0x0000000087e00000, 0x0000000087f00000| Untracked 
| 127|0x0000000087f00000, 0x0000000088000000, 0x0000000088000000|100%| O|  |TAMS 0x0000000087f00000, 0x0000000088000000| Untracked 
| 128|0x0000000088000000, 0x0000000088100000, 0x0000000088100000|100%| O|  |TAMS 0x0000000088000000, 0x0000000088100000| Untracked 
| 129|0x0000000088100000, 0x0000000088200000, 0x0000000088200000|100%| O|  |TAMS 0x0000000088100000, 0x0000000088200000| Untracked 
| 130|0x0000000088200000, 0x0000000088300000, 0x0000000088300000|100%| O|  |TAMS 0x0000000088200000, 0x0000000088300000| Untracked 
| 131|0x0000000088300000, 0x0000000088400000, 0x0000000088400000|100%| O|  |TAMS 0x0000000088300000, 0x0000000088400000| Untracked 
| 132|0x0000000088400000, 0x0000000088500000, 0x0000000088500000|100%|HS|  |TAMS 0x0000000088400000, 0x0000000088500000| Complete 
| 133|0x0000000088500000, 0x0000000088600000, 0x0000000088600000|100%|HS|  |TAMS 0x0000000088500000, 0x0000000088600000| Complete 
| 134|0x0000000088600000, 0x0000000088700000, 0x0000000088700000|100%| O|  |TAMS 0x0000000088600000, 0x0000000088700000| Untracked 
| 135|0x0000000088700000, 0x0000000088800000, 0x0000000088800000|100%| O|  |TAMS 0x0000000088700000, 0x0000000088800000| Untracked 
| 136|0x0000000088800000, 0x0000000088900000, 0x0000000088900000|100%| O|  |TAMS 0x0000000088800000, 0x0000000088900000| Untracked 
| 137|0x0000000088900000, 0x0000000088a00000, 0x0000000088a00000|100%| O|  |TAMS 0x0000000088900000, 0x0000000088a00000| Untracked 
| 138|0x0000000088a00000, 0x0000000088b00000, 0x0000000088b00000|100%| O|  |TAMS 0x0000000088a00000, 0x0000000088b00000| Untracked 
| 139|0x0000000088b00000, 0x0000000088c00000, 0x0000000088c00000|100%| O|  |TAMS 0x0000000088b00000, 0x0000000088c00000| Untracked 
| 140|0x0000000088c00000, 0x0000000088d00000, 0x0000000088d00000|100%| O|  |TAMS 0x0000000088c00000, 0x0000000088d00000| Untracked 
| 141|0x0000000088d00000, 0x0000000088e00000, 0x0000000088e00000|100%|HS|  |TAMS 0x0000000088d00000, 0x0000000088e00000| Complete 
| 142|0x0000000088e00000, 0x0000000088f00000, 0x0000000088f00000|100%|HC|  |TAMS 0x0000000088e00000, 0x0000000088f00000| Complete 
| 143|0x0000000088f00000, 0x0000000089000000, 0x0000000089000000|100%| O|  |TAMS 0x0000000088f00000, 0x0000000089000000| Untracked 
| 144|0x0000000089000000, 0x0000000089100000, 0x0000000089100000|100%| O|  |TAMS 0x0000000089000000, 0x0000000089100000| Untracked 
| 145|0x0000000089100000, 0x0000000089200000, 0x0000000089200000|100%| O|  |TAMS 0x0000000089100000, 0x0000000089200000| Untracked 
| 146|0x0000000089200000, 0x0000000089300000, 0x0000000089300000|100%| O|  |TAMS 0x0000000089200000, 0x0000000089300000| Untracked 
| 147|0x0000000089300000, 0x0000000089400000, 0x0000000089400000|100%| O|  |TAMS 0x0000000089300000, 0x0000000089400000| Untracked 
| 148|0x0000000089400000, 0x0000000089500000, 0x0000000089500000|100%| O|  |TAMS 0x0000000089400000, 0x0000000089500000| Untracked 
| 149|0x0000000089500000, 0x0000000089600000, 0x0000000089600000|100%| O|  |TAMS 0x0000000089500000, 0x0000000089600000| Untracked 
| 150|0x0000000089600000, 0x0000000089700000, 0x0000000089700000|100%| O|  |TAMS 0x0000000089600000, 0x0000000089700000| Untracked 
| 151|0x0000000089700000, 0x0000000089800000, 0x0000000089800000|100%| O|  |TAMS 0x0000000089700000, 0x0000000089800000| Untracked 
| 152|0x0000000089800000, 0x0000000089900000, 0x0000000089900000|100%|HS|  |TAMS 0x0000000089800000, 0x0000000089900000| Complete 
| 153|0x0000000089900000, 0x0000000089a00000, 0x0000000089a00000|100%|HC|  |TAMS 0x0000000089900000, 0x0000000089a00000| Complete 
| 154|0x0000000089a00000, 0x0000000089b00000, 0x0000000089b00000|100%|HC|  |TAMS 0x0000000089a00000, 0x0000000089b00000| Complete 
| 155|0x0000000089b00000, 0x0000000089c00000, 0x0000000089c00000|100%|HS|  |TAMS 0x0000000089b00000, 0x0000000089c00000| Complete 
| 156|0x0000000089c00000, 0x0000000089d00000, 0x0000000089d00000|100%|HC|  |TAMS 0x0000000089c00000, 0x0000000089d00000| Complete 
| 157|0x0000000089d00000, 0x0000000089e00000, 0x0000000089e00000|100%| O|  |TAMS 0x0000000089d00000, 0x0000000089e00000| Untracked 
| 158|0x0000000089e00000, 0x0000000089f00000, 0x0000000089f00000|100%| O|  |TAMS 0x0000000089e00000, 0x0000000089f00000| Untracked 
| 159|0x0000000089f00000, 0x000000008a000000, 0x000000008a000000|100%| O|  |TAMS 0x0000000089f00000, 0x000000008a000000| Untracked 
| 160|0x000000008a000000, 0x000000008a100000, 0x000000008a100000|100%| O|  |TAMS 0x000000008a000000, 0x000000008a100000| Untracked 
| 161|0x000000008a100000, 0x000000008a200000, 0x000000008a200000|100%| O|  |TAMS 0x000000008a100000, 0x000000008a200000| Untracked 
| 162|0x000000008a200000, 0x000000008a300000, 0x000000008a300000|100%|HS|  |TAMS 0x000000008a200000, 0x000000008a300000| Complete 
| 163|0x000000008a300000, 0x000000008a400000, 0x000000008a400000|100%|HS|  |TAMS 0x000000008a300000, 0x000000008a400000| Complete 
| 164|0x000000008a400000, 0x000000008a500000, 0x000000008a500000|100%|HS|  |TAMS 0x000000008a400000, 0x000000008a500000| Complete 
| 165|0x000000008a500000, 0x000000008a600000, 0x000000008a600000|100%| O|  |TAMS 0x000000008a500000, 0x000000008a600000| Untracked 
| 166|0x000000008a600000, 0x000000008a700000, 0x000000008a700000|100%| O|  |TAMS 0x000000008a600000, 0x000000008a700000| Untracked 
| 167|0x000000008a700000, 0x000000008a800000, 0x000000008a800000|100%| O|  |TAMS 0x000000008a700000, 0x000000008a800000| Untracked 
| 168|0x000000008a800000, 0x000000008a900000, 0x000000008a900000|100%| O|  |TAMS 0x000000008a800000, 0x000000008a900000| Untracked 
| 169|0x000000008a900000, 0x000000008aa00000, 0x000000008aa00000|100%| O|  |TAMS 0x000000008a900000, 0x000000008aa00000| Untracked 
| 170|0x000000008aa00000, 0x000000008ab00000, 0x000000008ab00000|100%| O|  |TAMS 0x000000008aa00000, 0x000000008ab00000| Untracked 
| 171|0x000000008ab00000, 0x000000008ac00000, 0x000000008ac00000|100%| O|  |TAMS 0x000000008ab00000, 0x000000008ac00000| Untracked 
| 172|0x000000008ac00000, 0x000000008ad00000, 0x000000008ad00000|100%| O|  |TAMS 0x000000008ac00000, 0x000000008ad00000| Untracked 
| 173|0x000000008ad00000, 0x000000008ae00000, 0x000000008ae00000|100%| O|  |TAMS 0x000000008ad00000, 0x000000008ae00000| Untracked 
| 174|0x000000008ae00000, 0x000000008af00000, 0x000000008af00000|100%| O|  |TAMS 0x000000008ae00000, 0x000000008af00000| Untracked 
| 175|0x000000008af00000, 0x000000008b000000, 0x000000008b000000|100%| O|  |TAMS 0x000000008af00000, 0x000000008b000000| Untracked 
| 176|0x000000008b000000, 0x000000008b100000, 0x000000008b100000|100%| O|  |TAMS 0x000000008b000000, 0x000000008b100000| Untracked 
| 177|0x000000008b100000, 0x000000008b200000, 0x000000008b200000|100%| O|  |TAMS 0x000000008b100000, 0x000000008b200000| Untracked 
| 178|0x000000008b200000, 0x000000008b300000, 0x000000008b300000|100%| O|  |TAMS 0x000000008b200000, 0x000000008b300000| Untracked 
| 179|0x000000008b300000, 0x000000008b400000, 0x000000008b400000|100%| O|  |TAMS 0x000000008b300000, 0x000000008b400000| Untracked 
| 180|0x000000008b400000, 0x000000008b500000, 0x000000008b500000|100%| O|  |TAMS 0x000000008b400000, 0x000000008b500000| Untracked 
| 181|0x000000008b500000, 0x000000008b600000, 0x000000008b600000|100%| O|  |TAMS 0x000000008b500000, 0x000000008b600000| Untracked 
| 182|0x000000008b600000, 0x000000008b700000, 0x000000008b700000|100%|HS|  |TAMS 0x000000008b600000, 0x000000008b700000| Complete 
| 183|0x000000008b700000, 0x000000008b800000, 0x000000008b800000|100%|HS|  |TAMS 0x000000008b700000, 0x000000008b800000| Complete 
| 184|0x000000008b800000, 0x000000008b900000, 0x000000008b900000|100%| O|  |TAMS 0x000000008b800000, 0x000000008b900000| Untracked 
| 185|0x000000008b900000, 0x000000008ba00000, 0x000000008ba00000|100%| O|  |TAMS 0x000000008b900000, 0x000000008ba00000| Untracked 
| 186|0x000000008ba00000, 0x000000008bb00000, 0x000000008bb00000|100%| O|  |TAMS 0x000000008ba00000, 0x000000008bb00000| Untracked 
| 187|0x000000008bb00000, 0x000000008bc00000, 0x000000008bc00000|100%| O|  |TAMS 0x000000008bb00000, 0x000000008bc00000| Untracked 
| 188|0x000000008bc00000, 0x000000008bd00000, 0x000000008bd00000|100%| O|  |TAMS 0x000000008bc00000, 0x000000008bd00000| Untracked 
| 189|0x000000008bd00000, 0x000000008be00000, 0x000000008be00000|100%| O|  |TAMS 0x000000008bd00000, 0x000000008be00000| Untracked 
| 190|0x000000008be00000, 0x000000008bf00000, 0x000000008bf00000|100%| O|  |TAMS 0x000000008be00000, 0x000000008bf00000| Untracked 
| 191|0x000000008bf00000, 0x000000008c000000, 0x000000008c000000|100%| O|  |TAMS 0x000000008bf00000, 0x000000008c000000| Untracked 
| 192|0x000000008c000000, 0x000000008c100000, 0x000000008c100000|100%| O|  |TAMS 0x000000008c000000, 0x000000008c100000| Untracked 
| 193|0x000000008c100000, 0x000000008c200000, 0x000000008c200000|100%| O|  |TAMS 0x000000008c100000, 0x000000008c200000| Untracked 
| 194|0x000000008c200000, 0x000000008c300000, 0x000000008c300000|100%| O|  |TAMS 0x000000008c200000, 0x000000008c300000| Untracked 
| 195|0x000000008c300000, 0x000000008c400000, 0x000000008c400000|100%| O|  |TAMS 0x000000008c300000, 0x000000008c400000| Untracked 
| 196|0x000000008c400000, 0x000000008c500000, 0x000000008c500000|100%| O|  |TAMS 0x000000008c400000, 0x000000008c500000| Untracked 
| 197|0x000000008c500000, 0x000000008c600000, 0x000000008c600000|100%| O|  |TAMS 0x000000008c500000, 0x000000008c600000| Untracked 
| 198|0x000000008c600000, 0x000000008c700000, 0x000000008c700000|100%|HS|  |TAMS 0x000000008c600000, 0x000000008c700000| Complete 
| 199|0x000000008c700000, 0x000000008c800000, 0x000000008c800000|100%| O|  |TAMS 0x000000008c700000, 0x000000008c800000| Untracked 
| 200|0x000000008c800000, 0x000000008c900000, 0x000000008c900000|100%| O|  |TAMS 0x000000008c800000, 0x000000008c900000| Untracked 
| 201|0x000000008c900000, 0x000000008ca00000, 0x000000008ca00000|100%| O|  |TAMS 0x000000008c900000, 0x000000008ca00000| Untracked 
| 202|0x000000008ca00000, 0x000000008cb00000, 0x000000008cb00000|100%| O|  |TAMS 0x000000008ca00000, 0x000000008cb00000| Untracked 
| 203|0x000000008cb00000, 0x000000008cc00000, 0x000000008cc00000|100%| O|  |TAMS 0x000000008cb00000, 0x000000008cc00000| Untracked 
| 204|0x000000008cc00000, 0x000000008cd00000, 0x000000008cd00000|100%| O|  |TAMS 0x000000008cc00000, 0x000000008cd00000| Untracked 
| 205|0x000000008cd00000, 0x000000008ce00000, 0x000000008ce00000|100%| O|  |TAMS 0x000000008cd00000, 0x000000008ce00000| Untracked 
| 206|0x000000008ce00000, 0x000000008cf00000, 0x000000008cf00000|100%| O|  |TAMS 0x000000008ce00000, 0x000000008cf00000| Untracked 
| 207|0x000000008cf00000, 0x000000008d000000, 0x000000008d000000|100%| O|  |TAMS 0x000000008cf00000, 0x000000008d000000| Untracked 
| 208|0x000000008d000000, 0x000000008d100000, 0x000000008d100000|100%| O|  |TAMS 0x000000008d000000, 0x000000008d100000| Untracked 
| 209|0x000000008d100000, 0x000000008d200000, 0x000000008d200000|100%| O|  |TAMS 0x000000008d100000, 0x000000008d200000| Untracked 
| 210|0x000000008d200000, 0x000000008d300000, 0x000000008d300000|100%|HS|  |TAMS 0x000000008d200000, 0x000000008d300000| Complete 
| 211|0x000000008d300000, 0x000000008d400000, 0x000000008d400000|100%|HS|  |TAMS 0x000000008d300000, 0x000000008d400000| Complete 
| 212|0x000000008d400000, 0x000000008d500000, 0x000000008d500000|100%| O|  |TAMS 0x000000008d400000, 0x000000008d500000| Untracked 
| 213|0x000000008d500000, 0x000000008d600000, 0x000000008d600000|100%| O|  |TAMS 0x000000008d500000, 0x000000008d600000| Untracked 
| 214|0x000000008d600000, 0x000000008d700000, 0x000000008d700000|100%| O|  |TAMS 0x000000008d600000, 0x000000008d700000| Untracked 
| 215|0x000000008d700000, 0x000000008d800000, 0x000000008d800000|100%| O|  |TAMS 0x000000008d700000, 0x000000008d800000| Untracked 
| 216|0x000000008d800000, 0x000000008d900000, 0x000000008d900000|100%| O|  |TAMS 0x000000008d800000, 0x000000008d900000| Untracked 
| 217|0x000000008d900000, 0x000000008da00000, 0x000000008da00000|100%| O|  |TAMS 0x000000008d900000, 0x000000008da00000| Untracked 
| 218|0x000000008da00000, 0x000000008db00000, 0x000000008db00000|100%| O|  |TAMS 0x000000008da00000, 0x000000008db00000| Untracked 
| 219|0x000000008db00000, 0x000000008dc00000, 0x000000008dc00000|100%| O|  |TAMS 0x000000008db00000, 0x000000008dc00000| Untracked 
| 220|0x000000008dc00000, 0x000000008dd00000, 0x000000008dd00000|100%| O|  |TAMS 0x000000008dc00000, 0x000000008dd00000| Untracked 
| 221|0x000000008dd00000, 0x000000008de00000, 0x000000008de00000|100%| O|  |TAMS 0x000000008dd00000, 0x000000008de00000| Untracked 
| 222|0x000000008de00000, 0x000000008df00000, 0x000000008df00000|100%| O|  |TAMS 0x000000008de00000, 0x000000008df00000| Untracked 
| 223|0x000000008df00000, 0x000000008e000000, 0x000000008e000000|100%| O|  |TAMS 0x000000008df00000, 0x000000008e000000| Untracked 
| 224|0x000000008e000000, 0x000000008e100000, 0x000000008e100000|100%| O|  |TAMS 0x000000008e000000, 0x000000008e100000| Untracked 
| 225|0x000000008e100000, 0x000000008e200000, 0x000000008e200000|100%| O|  |TAMS 0x000000008e100000, 0x000000008e200000| Untracked 
| 226|0x000000008e200000, 0x000000008e300000, 0x000000008e300000|100%| O|  |TAMS 0x000000008e200000, 0x000000008e300000| Untracked 
| 227|0x000000008e300000, 0x000000008e400000, 0x000000008e400000|100%| O|  |TAMS 0x000000008e300000, 0x000000008e400000| Untracked 
| 228|0x000000008e400000, 0x000000008e500000, 0x000000008e500000|100%| O|  |TAMS 0x000000008e400000, 0x000000008e500000| Untracked 
| 229|0x000000008e500000, 0x000000008e600000, 0x000000008e600000|100%| O|  |TAMS 0x000000008e500000, 0x000000008e600000| Untracked 
| 230|0x000000008e600000, 0x000000008e700000, 0x000000008e700000|100%| O|  |TAMS 0x000000008e600000, 0x000000008e700000| Untracked 
| 231|0x000000008e700000, 0x000000008e800000, 0x000000008e800000|100%| O|  |TAMS 0x000000008e700000, 0x000000008e800000| Untracked 
| 232|0x000000008e800000, 0x000000008e900000, 0x000000008e900000|100%| O|  |TAMS 0x000000008e800000, 0x000000008e900000| Untracked 
| 233|0x000000008e900000, 0x000000008ea00000, 0x000000008ea00000|100%| O|  |TAMS 0x000000008e900000, 0x000000008ea00000| Untracked 
| 234|0x000000008ea00000, 0x000000008eb00000, 0x000000008eb00000|100%| O|  |TAMS 0x000000008ea00000, 0x000000008eb00000| Untracked 
| 235|0x000000008eb00000, 0x000000008ec00000, 0x000000008ec00000|100%| O|  |TAMS 0x000000008eb00000, 0x000000008ec00000| Untracked 
| 236|0x000000008ec00000, 0x000000008ed00000, 0x000000008ed00000|100%| O|  |TAMS 0x000000008ec00000, 0x000000008ed00000| Untracked 
| 237|0x000000008ed00000, 0x000000008ee00000, 0x000000008ee00000|100%| O|  |TAMS 0x000000008ed00000, 0x000000008ee00000| Untracked 
| 238|0x000000008ee00000, 0x000000008ef00000, 0x000000008ef00000|100%| O|  |TAMS 0x000000008ee00000, 0x000000008ef00000| Untracked 
| 239|0x000000008ef00000, 0x000000008f000000, 0x000000008f000000|100%| O|  |TAMS 0x000000008ef00000, 0x000000008f000000| Untracked 
| 240|0x000000008f000000, 0x000000008f100000, 0x000000008f100000|100%| O|  |TAMS 0x000000008f000000, 0x000000008f100000| Untracked 
| 241|0x000000008f100000, 0x000000008f200000, 0x000000008f200000|100%| O|  |TAMS 0x000000008f100000, 0x000000008f200000| Untracked 
| 242|0x000000008f200000, 0x000000008f300000, 0x000000008f300000|100%| O|  |TAMS 0x000000008f200000, 0x000000008f300000| Untracked 
| 243|0x000000008f300000, 0x000000008f400000, 0x000000008f400000|100%| O|  |TAMS 0x000000008f300000, 0x000000008f400000| Untracked 
| 244|0x000000008f400000, 0x000000008f500000, 0x000000008f500000|100%| O|  |TAMS 0x000000008f400000, 0x000000008f500000| Untracked 
| 245|0x000000008f500000, 0x000000008f600000, 0x000000008f600000|100%| O|  |TAMS 0x000000008f500000, 0x000000008f600000| Untracked 
| 246|0x000000008f600000, 0x000000008f700000, 0x000000008f700000|100%| O|  |TAMS 0x000000008f600000, 0x000000008f700000| Untracked 
| 247|0x000000008f700000, 0x000000008f800000, 0x000000008f800000|100%| O|  |TAMS 0x000000008f700000, 0x000000008f800000| Untracked 
| 248|0x000000008f800000, 0x000000008f900000, 0x000000008f900000|100%| O|  |TAMS 0x000000008f800000, 0x000000008f900000| Untracked 
| 249|0x000000008f900000, 0x000000008fa00000, 0x000000008fa00000|100%| O|  |TAMS 0x000000008f900000, 0x000000008fa00000| Untracked 
| 250|0x000000008fa00000, 0x000000008fb00000, 0x000000008fb00000|100%| O|  |TAMS 0x000000008fa00000, 0x000000008fb00000| Untracked 
| 251|0x000000008fb00000, 0x000000008fc00000, 0x000000008fc00000|100%| O|  |TAMS 0x000000008fb00000, 0x000000008fc00000| Untracked 
| 252|0x000000008fc00000, 0x000000008fd00000, 0x000000008fd00000|100%| O|  |TAMS 0x000000008fc00000, 0x000000008fd00000| Untracked 
| 253|0x000000008fd00000, 0x000000008fe00000, 0x000000008fe00000|100%| O|  |TAMS 0x000000008fd00000, 0x000000008fe00000| Untracked 
| 254|0x000000008fe00000, 0x000000008ff00000, 0x000000008ff00000|100%| O|  |TAMS 0x000000008fe00000, 0x000000008ff00000| Untracked 
| 255|0x000000008ff00000, 0x0000000090000000, 0x0000000090000000|100%| O|  |TAMS 0x000000008ff00000, 0x0000000090000000| Untracked 
| 256|0x0000000090000000, 0x0000000090100000, 0x0000000090100000|100%| O|  |TAMS 0x0000000090000000, 0x0000000090100000| Untracked 
| 257|0x0000000090100000, 0x0000000090200000, 0x0000000090200000|100%| O|  |TAMS 0x0000000090100000, 0x0000000090200000| Untracked 
| 258|0x0000000090200000, 0x0000000090300000, 0x0000000090300000|100%| O|  |TAMS 0x0000000090200000, 0x0000000090300000| Untracked 
| 259|0x0000000090300000, 0x0000000090400000, 0x0000000090400000|100%| O|  |TAMS 0x0000000090300000, 0x0000000090400000| Untracked 
| 260|0x0000000090400000, 0x0000000090500000, 0x0000000090500000|100%| O|  |TAMS 0x0000000090400000, 0x0000000090500000| Untracked 
| 261|0x0000000090500000, 0x0000000090600000, 0x0000000090600000|100%| O|  |TAMS 0x0000000090500000, 0x0000000090600000| Untracked 
| 262|0x0000000090600000, 0x0000000090700000, 0x0000000090700000|100%| O|  |TAMS 0x0000000090600000, 0x0000000090700000| Untracked 
| 263|0x0000000090700000, 0x0000000090800000, 0x0000000090800000|100%| O|  |TAMS 0x0000000090700000, 0x0000000090800000| Untracked 
| 264|0x0000000090800000, 0x0000000090900000, 0x0000000090900000|100%| O|  |TAMS 0x0000000090800000, 0x0000000090900000| Untracked 
| 265|0x0000000090900000, 0x0000000090a00000, 0x0000000090a00000|100%| O|  |TAMS 0x0000000090900000, 0x0000000090a00000| Untracked 
| 266|0x0000000090a00000, 0x0000000090b00000, 0x0000000090b00000|100%| O|  |TAMS 0x0000000090a00000, 0x0000000090b00000| Untracked 
| 267|0x0000000090b00000, 0x0000000090c00000, 0x0000000090c00000|100%| O|  |TAMS 0x0000000090b00000, 0x0000000090c00000| Untracked 
| 268|0x0000000090c00000, 0x0000000090d00000, 0x0000000090d00000|100%| O|  |TAMS 0x0000000090c00000, 0x0000000090d00000| Untracked 
| 269|0x0000000090d00000, 0x0000000090e00000, 0x0000000090e00000|100%| O|  |TAMS 0x0000000090d00000, 0x0000000090e00000| Untracked 
| 270|0x0000000090e00000, 0x0000000090f00000, 0x0000000090f00000|100%| O|  |TAMS 0x0000000090e00000, 0x0000000090f00000| Untracked 
| 271|0x0000000090f00000, 0x0000000091000000, 0x0000000091000000|100%| O|  |TAMS 0x0000000090f00000, 0x0000000091000000| Untracked 
| 272|0x0000000091000000, 0x0000000091100000, 0x0000000091100000|100%| O|  |TAMS 0x0000000091000000, 0x0000000091100000| Untracked 
| 273|0x0000000091100000, 0x0000000091200000, 0x0000000091200000|100%| O|  |TAMS 0x0000000091100000, 0x0000000091200000| Untracked 
| 274|0x0000000091200000, 0x0000000091300000, 0x0000000091300000|100%| O|  |TAMS 0x0000000091200000, 0x0000000091300000| Untracked 
| 275|0x0000000091300000, 0x0000000091400000, 0x0000000091400000|100%| O|  |TAMS 0x0000000091300000, 0x0000000091400000| Untracked 
| 276|0x0000000091400000, 0x0000000091500000, 0x0000000091500000|100%| O|  |TAMS 0x0000000091400000, 0x0000000091500000| Untracked 
| 277|0x0000000091500000, 0x0000000091600000, 0x0000000091600000|100%| O|  |TAMS 0x0000000091500000, 0x0000000091600000| Untracked 
| 278|0x0000000091600000, 0x0000000091700000, 0x0000000091700000|100%| O|  |TAMS 0x0000000091600000, 0x0000000091700000| Untracked 
| 279|0x0000000091700000, 0x0000000091800000, 0x0000000091800000|100%| O|  |TAMS 0x0000000091700000, 0x0000000091800000| Untracked 
| 280|0x0000000091800000, 0x0000000091900000, 0x0000000091900000|100%| O|  |TAMS 0x0000000091800000, 0x0000000091900000| Untracked 
| 281|0x0000000091900000, 0x0000000091a00000, 0x0000000091a00000|100%| O|  |TAMS 0x0000000091900000, 0x0000000091a00000| Untracked 
| 282|0x0000000091a00000, 0x0000000091b00000, 0x0000000091b00000|100%| O|  |TAMS 0x0000000091a00000, 0x0000000091b00000| Untracked 
| 283|0x0000000091b00000, 0x0000000091c00000, 0x0000000091c00000|100%| O|  |TAMS 0x0000000091b00000, 0x0000000091c00000| Untracked 
| 284|0x0000000091c00000, 0x0000000091d00000, 0x0000000091d00000|100%| O|  |TAMS 0x0000000091c00000, 0x0000000091d00000| Untracked 
| 285|0x0000000091d00000, 0x0000000091e00000, 0x0000000091e00000|100%| O|  |TAMS 0x0000000091d00000, 0x0000000091e00000| Untracked 
| 286|0x0000000091e00000, 0x0000000091f00000, 0x0000000091f00000|100%| O|  |TAMS 0x0000000091e00000, 0x0000000091f00000| Untracked 
| 287|0x0000000091f00000, 0x0000000092000000, 0x0000000092000000|100%| O|  |TAMS 0x0000000091f00000, 0x0000000092000000| Untracked 
| 288|0x0000000092000000, 0x0000000092100000, 0x0000000092100000|100%| O|  |TAMS 0x0000000092000000, 0x0000000092100000| Untracked 
| 289|0x0000000092100000, 0x0000000092200000, 0x0000000092200000|100%| O|  |TAMS 0x0000000092100000, 0x0000000092200000| Untracked 
| 290|0x0000000092200000, 0x0000000092300000, 0x0000000092300000|100%| O|  |TAMS 0x0000000092200000, 0x0000000092300000| Untracked 
| 291|0x0000000092300000, 0x0000000092400000, 0x0000000092400000|100%| O|  |TAMS 0x0000000092300000, 0x0000000092400000| Untracked 
| 292|0x0000000092400000, 0x0000000092500000, 0x0000000092500000|100%| O|  |TAMS 0x0000000092400000, 0x0000000092500000| Untracked 
| 293|0x0000000092500000, 0x0000000092600000, 0x0000000092600000|100%| O|  |TAMS 0x0000000092500000, 0x0000000092600000| Untracked 
| 294|0x0000000092600000, 0x0000000092700000, 0x0000000092700000|100%| O|  |TAMS 0x0000000092600000, 0x0000000092700000| Untracked 
| 295|0x0000000092700000, 0x0000000092800000, 0x0000000092800000|100%| O|  |TAMS 0x0000000092700000, 0x0000000092800000| Untracked 
| 296|0x0000000092800000, 0x0000000092900000, 0x0000000092900000|100%| O|  |TAMS 0x0000000092800000, 0x0000000092900000| Untracked 
| 297|0x0000000092900000, 0x0000000092a00000, 0x0000000092a00000|100%| O|  |TAMS 0x0000000092900000, 0x0000000092a00000| Untracked 
| 298|0x0000000092a00000, 0x0000000092b00000, 0x0000000092b00000|100%| O|  |TAMS 0x0000000092a00000, 0x0000000092b00000| Untracked 
| 299|0x0000000092b00000, 0x0000000092c00000, 0x0000000092c00000|100%| O|  |TAMS 0x0000000092b00000, 0x0000000092c00000| Untracked 
| 300|0x0000000092c00000, 0x0000000092d00000, 0x0000000092d00000|100%| O|  |TAMS 0x0000000092c00000, 0x0000000092d00000| Untracked 
| 301|0x0000000092d00000, 0x0000000092e00000, 0x0000000092e00000|100%| O|  |TAMS 0x0000000092d00000, 0x0000000092e00000| Untracked 
| 302|0x0000000092e00000, 0x0000000092f00000, 0x0000000092f00000|100%| O|  |TAMS 0x0000000092e00000, 0x0000000092f00000| Untracked 
| 303|0x0000000092f00000, 0x0000000093000000, 0x0000000093000000|100%| O|  |TAMS 0x0000000092f00000, 0x0000000093000000| Untracked 
| 304|0x0000000093000000, 0x0000000093100000, 0x0000000093100000|100%| O|  |TAMS 0x0000000093000000, 0x0000000093100000| Untracked 
| 305|0x0000000093100000, 0x0000000093200000, 0x0000000093200000|100%| O|  |TAMS 0x0000000093100000, 0x0000000093200000| Untracked 
| 306|0x0000000093200000, 0x0000000093300000, 0x0000000093300000|100%| O|  |TAMS 0x0000000093200000, 0x0000000093300000| Untracked 
| 307|0x0000000093300000, 0x0000000093400000, 0x0000000093400000|100%| O|  |TAMS 0x0000000093300000, 0x0000000093400000| Untracked 
| 308|0x0000000093400000, 0x0000000093500000, 0x0000000093500000|100%| O|  |TAMS 0x0000000093400000, 0x0000000093500000| Untracked 
| 309|0x0000000093500000, 0x0000000093600000, 0x0000000093600000|100%| O|  |TAMS 0x0000000093500000, 0x0000000093600000| Untracked 
| 310|0x0000000093600000, 0x0000000093700000, 0x0000000093700000|100%| O|  |TAMS 0x0000000093600000, 0x0000000093700000| Untracked 
| 311|0x0000000093700000, 0x0000000093800000, 0x0000000093800000|100%| O|  |TAMS 0x0000000093700000, 0x0000000093800000| Untracked 
| 312|0x0000000093800000, 0x0000000093900000, 0x0000000093900000|100%| O|  |TAMS 0x0000000093800000, 0x0000000093900000| Untracked 
| 313|0x0000000093900000, 0x0000000093a00000, 0x0000000093a00000|100%| O|  |TAMS 0x0000000093900000, 0x0000000093a00000| Untracked 
| 314|0x0000000093a00000, 0x0000000093b00000, 0x0000000093b00000|100%| O|  |TAMS 0x0000000093a00000, 0x0000000093b00000| Untracked 
| 315|0x0000000093b00000, 0x0000000093c00000, 0x0000000093c00000|100%| O|  |TAMS 0x0000000093b00000, 0x0000000093c00000| Untracked 
| 316|0x0000000093c00000, 0x0000000093d00000, 0x0000000093d00000|100%| O|  |TAMS 0x0000000093c00000, 0x0000000093d00000| Untracked 
| 317|0x0000000093d00000, 0x0000000093e00000, 0x0000000093e00000|100%| O|  |TAMS 0x0000000093d00000, 0x0000000093e00000| Untracked 
| 318|0x0000000093e00000, 0x0000000093f00000, 0x0000000093f00000|100%| O|  |TAMS 0x0000000093e00000, 0x0000000093f00000| Untracked 
| 319|0x0000000093f00000, 0x0000000094000000, 0x0000000094000000|100%| O|  |TAMS 0x0000000093f00000, 0x0000000094000000| Untracked 
| 320|0x0000000094000000, 0x0000000094100000, 0x0000000094100000|100%| O|  |TAMS 0x0000000094000000, 0x0000000094100000| Untracked 
| 321|0x0000000094100000, 0x0000000094200000, 0x0000000094200000|100%| O|  |TAMS 0x0000000094100000, 0x0000000094200000| Untracked 
| 322|0x0000000094200000, 0x0000000094300000, 0x0000000094300000|100%| O|  |TAMS 0x0000000094200000, 0x0000000094300000| Untracked 
| 323|0x0000000094300000, 0x0000000094400000, 0x0000000094400000|100%| O|  |TAMS 0x0000000094300000, 0x0000000094400000| Untracked 
| 324|0x0000000094400000, 0x0000000094500000, 0x0000000094500000|100%| O|  |TAMS 0x0000000094400000, 0x0000000094500000| Untracked 
| 325|0x0000000094500000, 0x0000000094600000, 0x0000000094600000|100%| O|  |TAMS 0x0000000094500000, 0x0000000094600000| Untracked 
| 326|0x0000000094600000, 0x0000000094700000, 0x0000000094700000|100%| O|  |TAMS 0x0000000094600000, 0x0000000094700000| Untracked 
| 327|0x0000000094700000, 0x0000000094800000, 0x0000000094800000|100%| O|  |TAMS 0x0000000094700000, 0x0000000094800000| Untracked 
| 328|0x0000000094800000, 0x0000000094900000, 0x0000000094900000|100%| O|  |TAMS 0x0000000094800000, 0x0000000094900000| Untracked 
| 329|0x0000000094900000, 0x0000000094a00000, 0x0000000094a00000|100%| O|  |TAMS 0x0000000094900000, 0x0000000094a00000| Untracked 
| 330|0x0000000094a00000, 0x0000000094b00000, 0x0000000094b00000|100%| O|  |TAMS 0x0000000094a00000, 0x0000000094b00000| Untracked 
| 331|0x0000000094b00000, 0x0000000094c00000, 0x0000000094c00000|100%| O|  |TAMS 0x0000000094b00000, 0x0000000094c00000| Untracked 
| 332|0x0000000094c00000, 0x0000000094d00000, 0x0000000094d00000|100%| O|  |TAMS 0x0000000094c00000, 0x0000000094d00000| Untracked 
| 333|0x0000000094d00000, 0x0000000094e00000, 0x0000000094e00000|100%| O|  |TAMS 0x0000000094d00000, 0x0000000094e00000| Untracked 
| 334|0x0000000094e00000, 0x0000000094f00000, 0x0000000094f00000|100%| O|  |TAMS 0x0000000094e00000, 0x0000000094f00000| Untracked 
| 335|0x0000000094f00000, 0x0000000095000000, 0x0000000095000000|100%| O|  |TAMS 0x0000000094f00000, 0x0000000095000000| Untracked 
| 336|0x0000000095000000, 0x0000000095100000, 0x0000000095100000|100%| O|  |TAMS 0x0000000095000000, 0x0000000095100000| Untracked 
| 337|0x0000000095100000, 0x0000000095200000, 0x0000000095200000|100%| O|  |TAMS 0x0000000095100000, 0x0000000095200000| Untracked 
| 338|0x0000000095200000, 0x0000000095300000, 0x0000000095300000|100%| O|  |TAMS 0x0000000095200000, 0x0000000095300000| Untracked 
| 339|0x0000000095300000, 0x0000000095400000, 0x0000000095400000|100%| O|  |TAMS 0x0000000095300000, 0x0000000095400000| Untracked 
| 340|0x0000000095400000, 0x0000000095500000, 0x0000000095500000|100%| O|  |TAMS 0x0000000095400000, 0x0000000095500000| Untracked 
| 341|0x0000000095500000, 0x0000000095600000, 0x0000000095600000|100%| O|  |TAMS 0x0000000095500000, 0x0000000095600000| Untracked 
| 342|0x0000000095600000, 0x0000000095700000, 0x0000000095700000|100%| O|  |TAMS 0x0000000095600000, 0x0000000095700000| Untracked 
| 343|0x0000000095700000, 0x0000000095800000, 0x0000000095800000|100%| O|  |TAMS 0x0000000095700000, 0x0000000095800000| Untracked 
| 344|0x0000000095800000, 0x0000000095900000, 0x0000000095900000|100%| O|  |TAMS 0x0000000095800000, 0x0000000095900000| Untracked 
| 345|0x0000000095900000, 0x0000000095a00000, 0x0000000095a00000|100%| O|  |TAMS 0x0000000095900000, 0x0000000095a00000| Untracked 
| 346|0x0000000095a00000, 0x0000000095b00000, 0x0000000095b00000|100%| O|  |TAMS 0x0000000095a00000, 0x0000000095b00000| Untracked 
| 347|0x0000000095b00000, 0x0000000095c00000, 0x0000000095c00000|100%| O|  |TAMS 0x0000000095b00000, 0x0000000095c00000| Untracked 
| 348|0x0000000095c00000, 0x0000000095d00000, 0x0000000095d00000|100%| O|  |TAMS 0x0000000095c00000, 0x0000000095d00000| Untracked 
| 349|0x0000000095d00000, 0x0000000095e00000, 0x0000000095e00000|100%| O|  |TAMS 0x0000000095d00000, 0x0000000095e00000| Untracked 
| 350|0x0000000095e00000, 0x0000000095f00000, 0x0000000095f00000|100%| O|  |TAMS 0x0000000095e00000, 0x0000000095f00000| Untracked 
| 351|0x0000000095f00000, 0x0000000096000000, 0x0000000096000000|100%| O|  |TAMS 0x0000000095f00000, 0x0000000096000000| Untracked 
| 352|0x0000000096000000, 0x0000000096100000, 0x0000000096100000|100%| O|  |TAMS 0x0000000096000000, 0x0000000096100000| Untracked 
| 353|0x0000000096100000, 0x0000000096200000, 0x0000000096200000|100%| O|  |TAMS 0x0000000096100000, 0x0000000096200000| Untracked 
| 354|0x0000000096200000, 0x0000000096300000, 0x0000000096300000|100%| O|  |TAMS 0x0000000096200000, 0x0000000096300000| Untracked 
| 355|0x0000000096300000, 0x0000000096400000, 0x0000000096400000|100%| O|  |TAMS 0x0000000096300000, 0x0000000096400000| Untracked 
| 356|0x0000000096400000, 0x0000000096500000, 0x0000000096500000|100%| O|  |TAMS 0x0000000096400000, 0x0000000096500000| Untracked 
| 357|0x0000000096500000, 0x0000000096600000, 0x0000000096600000|100%| O|  |TAMS 0x0000000096500000, 0x0000000096600000| Untracked 
| 358|0x0000000096600000, 0x0000000096700000, 0x0000000096700000|100%| O|  |TAMS 0x0000000096600000, 0x0000000096700000| Untracked 
| 359|0x0000000096700000, 0x0000000096800000, 0x0000000096800000|100%| O|  |TAMS 0x0000000096700000, 0x0000000096800000| Untracked 
| 360|0x0000000096800000, 0x0000000096900000, 0x0000000096900000|100%| O|  |TAMS 0x0000000096800000, 0x0000000096900000| Untracked 
| 361|0x0000000096900000, 0x0000000096a00000, 0x0000000096a00000|100%| O|  |TAMS 0x0000000096900000, 0x0000000096a00000| Untracked 
| 362|0x0000000096a00000, 0x0000000096b00000, 0x0000000096b00000|100%| O|  |TAMS 0x0000000096a00000, 0x0000000096b00000| Untracked 
| 363|0x0000000096b00000, 0x0000000096c00000, 0x0000000096c00000|100%| O|  |TAMS 0x0000000096b00000, 0x0000000096c00000| Untracked 
| 364|0x0000000096c00000, 0x0000000096d00000, 0x0000000096d00000|100%| O|  |TAMS 0x0000000096c00000, 0x0000000096d00000| Untracked 
| 365|0x0000000096d00000, 0x0000000096e00000, 0x0000000096e00000|100%| O|  |TAMS 0x0000000096d00000, 0x0000000096e00000| Untracked 
| 366|0x0000000096e00000, 0x0000000096f00000, 0x0000000096f00000|100%| O|  |TAMS 0x0000000096e00000, 0x0000000096f00000| Untracked 
| 367|0x0000000096f00000, 0x0000000097000000, 0x0000000097000000|100%| O|  |TAMS 0x0000000096f00000, 0x0000000097000000| Untracked 
| 368|0x0000000097000000, 0x0000000097100000, 0x0000000097100000|100%| O|  |TAMS 0x0000000097000000, 0x0000000097100000| Untracked 
| 369|0x0000000097100000, 0x0000000097200000, 0x0000000097200000|100%| O|  |TAMS 0x0000000097100000, 0x0000000097200000| Untracked 
| 370|0x0000000097200000, 0x0000000097300000, 0x0000000097300000|100%| O|  |TAMS 0x0000000097200000, 0x0000000097300000| Untracked 
| 371|0x0000000097300000, 0x0000000097400000, 0x0000000097400000|100%| O|  |TAMS 0x0000000097300000, 0x0000000097400000| Untracked 
| 372|0x0000000097400000, 0x0000000097500000, 0x0000000097500000|100%| O|  |TAMS 0x0000000097400000, 0x0000000097500000| Untracked 
| 373|0x0000000097500000, 0x0000000097600000, 0x0000000097600000|100%| O|  |TAMS 0x0000000097500000, 0x0000000097600000| Untracked 
| 374|0x0000000097600000, 0x0000000097700000, 0x0000000097700000|100%| O|  |TAMS 0x0000000097600000, 0x0000000097700000| Untracked 
| 375|0x0000000097700000, 0x0000000097800000, 0x0000000097800000|100%| O|  |TAMS 0x0000000097700000, 0x0000000097800000| Untracked 
| 376|0x0000000097800000, 0x0000000097900000, 0x0000000097900000|100%| O|  |TAMS 0x0000000097800000, 0x0000000097900000| Untracked 
| 377|0x0000000097900000, 0x0000000097a00000, 0x0000000097a00000|100%| O|  |TAMS 0x0000000097900000, 0x0000000097a00000| Untracked 
| 378|0x0000000097a00000, 0x0000000097b00000, 0x0000000097b00000|100%| O|  |TAMS 0x0000000097a00000, 0x0000000097b00000| Untracked 
| 379|0x0000000097b00000, 0x0000000097c00000, 0x0000000097c00000|100%| O|  |TAMS 0x0000000097b00000, 0x0000000097c00000| Untracked 
| 380|0x0000000097c00000, 0x0000000097d00000, 0x0000000097d00000|100%| O|  |TAMS 0x0000000097c00000, 0x0000000097d00000| Untracked 
| 381|0x0000000097d00000, 0x0000000097e00000, 0x0000000097e00000|100%| O|  |TAMS 0x0000000097d00000, 0x0000000097e00000| Untracked 
| 382|0x0000000097e00000, 0x0000000097f00000, 0x0000000097f00000|100%| O|  |TAMS 0x0000000097e00000, 0x0000000097f00000| Untracked 
| 383|0x0000000097f00000, 0x0000000098000000, 0x0000000098000000|100%| O|  |TAMS 0x0000000097f00000, 0x0000000098000000| Untracked 
| 384|0x0000000098000000, 0x0000000098100000, 0x0000000098100000|100%| O|  |TAMS 0x0000000098000000, 0x0000000098100000| Untracked 
| 385|0x0000000098100000, 0x0000000098200000, 0x0000000098200000|100%| O|  |TAMS 0x0000000098100000, 0x0000000098200000| Untracked 
| 386|0x0000000098200000, 0x0000000098300000, 0x0000000098300000|100%| O|  |TAMS 0x0000000098200000, 0x0000000098300000| Untracked 
| 387|0x0000000098300000, 0x0000000098400000, 0x0000000098400000|100%| O|  |TAMS 0x0000000098300000, 0x0000000098400000| Untracked 
| 388|0x0000000098400000, 0x0000000098500000, 0x0000000098500000|100%| O|  |TAMS 0x0000000098400000, 0x0000000098500000| Untracked 
| 389|0x0000000098500000, 0x0000000098600000, 0x0000000098600000|100%| O|  |TAMS 0x0000000098500000, 0x0000000098600000| Untracked 
| 390|0x0000000098600000, 0x0000000098700000, 0x0000000098700000|100%| O|  |TAMS 0x0000000098600000, 0x0000000098700000| Untracked 
| 391|0x0000000098700000, 0x0000000098800000, 0x0000000098800000|100%| O|  |TAMS 0x0000000098700000, 0x0000000098800000| Untracked 
| 392|0x0000000098800000, 0x0000000098900000, 0x0000000098900000|100%| O|  |TAMS 0x0000000098800000, 0x0000000098900000| Untracked 
| 393|0x0000000098900000, 0x0000000098a00000, 0x0000000098a00000|100%| O|  |TAMS 0x0000000098900000, 0x0000000098a00000| Untracked 
| 394|0x0000000098a00000, 0x0000000098b00000, 0x0000000098b00000|100%| O|  |TAMS 0x0000000098a00000, 0x0000000098b00000| Untracked 
| 395|0x0000000098b00000, 0x0000000098c00000, 0x0000000098c00000|100%| O|  |TAMS 0x0000000098b00000, 0x0000000098c00000| Untracked 
| 396|0x0000000098c00000, 0x0000000098d00000, 0x0000000098d00000|100%| O|  |TAMS 0x0000000098c00000, 0x0000000098d00000| Untracked 
| 397|0x0000000098d00000, 0x0000000098e00000, 0x0000000098e00000|100%| O|  |TAMS 0x0000000098d00000, 0x0000000098e00000| Untracked 
| 398|0x0000000098e00000, 0x0000000098f00000, 0x0000000098f00000|100%| O|  |TAMS 0x0000000098e00000, 0x0000000098f00000| Untracked 
| 399|0x0000000098f00000, 0x0000000099000000, 0x0000000099000000|100%| O|  |TAMS 0x0000000098f00000, 0x0000000099000000| Untracked 
| 400|0x0000000099000000, 0x0000000099100000, 0x0000000099100000|100%| O|  |TAMS 0x0000000099000000, 0x0000000099100000| Untracked 
| 401|0x0000000099100000, 0x0000000099200000, 0x0000000099200000|100%| O|  |TAMS 0x0000000099100000, 0x0000000099200000| Untracked 
| 402|0x0000000099200000, 0x0000000099300000, 0x0000000099300000|100%| O|  |TAMS 0x0000000099200000, 0x0000000099300000| Untracked 
| 403|0x0000000099300000, 0x0000000099400000, 0x0000000099400000|100%| O|  |TAMS 0x0000000099300000, 0x0000000099400000| Untracked 
| 404|0x0000000099400000, 0x0000000099500000, 0x0000000099500000|100%| O|  |TAMS 0x0000000099400000, 0x0000000099500000| Untracked 
| 405|0x0000000099500000, 0x0000000099600000, 0x0000000099600000|100%| O|  |TAMS 0x0000000099500000, 0x0000000099600000| Untracked 
| 406|0x0000000099600000, 0x0000000099700000, 0x0000000099700000|100%| O|  |TAMS 0x0000000099600000, 0x0000000099700000| Untracked 
| 407|0x0000000099700000, 0x0000000099800000, 0x0000000099800000|100%| O|  |TAMS 0x0000000099700000, 0x0000000099800000| Untracked 
| 408|0x0000000099800000, 0x0000000099900000, 0x0000000099900000|100%| O|  |TAMS 0x0000000099800000, 0x0000000099900000| Untracked 
| 409|0x0000000099900000, 0x0000000099a00000, 0x0000000099a00000|100%| O|  |TAMS 0x0000000099900000, 0x0000000099a00000| Untracked 
| 410|0x0000000099a00000, 0x0000000099b00000, 0x0000000099b00000|100%| O|  |TAMS 0x0000000099a00000, 0x0000000099b00000| Untracked 
| 411|0x0000000099b00000, 0x0000000099c00000, 0x0000000099c00000|100%| O|  |TAMS 0x0000000099b00000, 0x0000000099c00000| Untracked 
| 412|0x0000000099c00000, 0x0000000099d00000, 0x0000000099d00000|100%| O|  |TAMS 0x0000000099c00000, 0x0000000099d00000| Untracked 
| 413|0x0000000099d00000, 0x0000000099e00000, 0x0000000099e00000|100%| O|  |TAMS 0x0000000099d00000, 0x0000000099e00000| Untracked 
| 414|0x0000000099e00000, 0x0000000099f00000, 0x0000000099f00000|100%| O|  |TAMS 0x0000000099e00000, 0x0000000099f00000| Untracked 
| 415|0x0000000099f00000, 0x000000009a000000, 0x000000009a000000|100%| O|  |TAMS 0x0000000099f00000, 0x000000009a000000| Untracked 
| 416|0x000000009a000000, 0x000000009a100000, 0x000000009a100000|100%| O|  |TAMS 0x000000009a000000, 0x000000009a100000| Untracked 
| 417|0x000000009a100000, 0x000000009a200000, 0x000000009a200000|100%| O|  |TAMS 0x000000009a100000, 0x000000009a200000| Untracked 
| 418|0x000000009a200000, 0x000000009a300000, 0x000000009a300000|100%| O|  |TAMS 0x000000009a200000, 0x000000009a300000| Untracked 
| 419|0x000000009a300000, 0x000000009a400000, 0x000000009a400000|100%| O|  |TAMS 0x000000009a300000, 0x000000009a400000| Untracked 
| 420|0x000000009a400000, 0x000000009a500000, 0x000000009a500000|100%| O|  |TAMS 0x000000009a400000, 0x000000009a500000| Untracked 
| 421|0x000000009a500000, 0x000000009a600000, 0x000000009a600000|100%| O|  |TAMS 0x000000009a500000, 0x000000009a600000| Untracked 
| 422|0x000000009a600000, 0x000000009a700000, 0x000000009a700000|100%| O|  |TAMS 0x000000009a600000, 0x000000009a700000| Untracked 
| 423|0x000000009a700000, 0x000000009a800000, 0x000000009a800000|100%| O|  |TAMS 0x000000009a700000, 0x000000009a800000| Untracked 
| 424|0x000000009a800000, 0x000000009a900000, 0x000000009a900000|100%| O|  |TAMS 0x000000009a800000, 0x000000009a900000| Untracked 
| 425|0x000000009a900000, 0x000000009aa00000, 0x000000009aa00000|100%| O|  |TAMS 0x000000009a900000, 0x000000009aa00000| Untracked 
| 426|0x000000009aa00000, 0x000000009ab00000, 0x000000009ab00000|100%| O|  |TAMS 0x000000009aa00000, 0x000000009ab00000| Untracked 
| 427|0x000000009ab00000, 0x000000009ac00000, 0x000000009ac00000|100%| O|  |TAMS 0x000000009ab00000, 0x000000009ac00000| Untracked 
| 428|0x000000009ac00000, 0x000000009ad00000, 0x000000009ad00000|100%| O|  |TAMS 0x000000009ac00000, 0x000000009ad00000| Untracked 
| 429|0x000000009ad00000, 0x000000009ae00000, 0x000000009ae00000|100%| O|  |TAMS 0x000000009ad00000, 0x000000009ae00000| Untracked 
| 430|0x000000009ae00000, 0x000000009af00000, 0x000000009af00000|100%| O|  |TAMS 0x000000009ae00000, 0x000000009af00000| Untracked 
| 431|0x000000009af00000, 0x000000009b000000, 0x000000009b000000|100%| O|  |TAMS 0x000000009af00000, 0x000000009b000000| Untracked 
| 432|0x000000009b000000, 0x000000009b100000, 0x000000009b100000|100%| O|  |TAMS 0x000000009b000000, 0x000000009b0f8800| Untracked 
| 433|0x000000009b100000, 0x000000009b200000, 0x000000009b200000|100%| O|  |TAMS 0x000000009b100000, 0x000000009b100000| Untracked 
| 434|0x000000009b200000, 0x000000009b300000, 0x000000009b300000|100%| O|  |TAMS 0x000000009b200000, 0x000000009b200000| Untracked 
| 435|0x000000009b300000, 0x000000009b400000, 0x000000009b400000|100%| O|  |TAMS 0x000000009b300000, 0x000000009b300000| Untracked 
| 436|0x000000009b400000, 0x000000009b500000, 0x000000009b500000|100%| O|  |TAMS 0x000000009b400000, 0x000000009b400000| Untracked 
| 437|0x000000009b500000, 0x000000009b600000, 0x000000009b600000|100%| O|  |TAMS 0x000000009b500000, 0x000000009b500000| Untracked 
| 438|0x000000009b600000, 0x000000009b700000, 0x000000009b700000|100%| O|  |TAMS 0x000000009b600000, 0x000000009b600000| Untracked 
| 439|0x000000009b700000, 0x000000009b800000, 0x000000009b800000|100%| O|  |TAMS 0x000000009b700000, 0x000000009b700000| Untracked 
| 440|0x000000009b800000, 0x000000009b900000, 0x000000009b900000|100%| O|  |TAMS 0x000000009b800000, 0x000000009b800000| Untracked 
| 441|0x000000009b900000, 0x000000009ba00000, 0x000000009ba00000|100%| O|  |TAMS 0x000000009b900000, 0x000000009b900000| Untracked 
| 442|0x000000009ba00000, 0x000000009bb00000, 0x000000009bb00000|100%| O|  |TAMS 0x000000009ba00000, 0x000000009ba00000| Untracked 
| 443|0x000000009bb00000, 0x000000009bb3a800, 0x000000009bc00000| 22%| O|  |TAMS 0x000000009bb00000, 0x000000009bb00000| Untracked 
| 444|0x000000009bc00000, 0x000000009bc00000, 0x000000009bd00000|  0%| F|  |TAMS 0x000000009bc00000, 0x000000009bc00000| Untracked 
| 445|0x000000009bd00000, 0x000000009bd00000, 0x000000009be00000|  0%| F|  |TAMS 0x000000009bd00000, 0x000000009bd00000| Untracked 
| 446|0x000000009be00000, 0x000000009be00000, 0x000000009bf00000|  0%| F|  |TAMS 0x000000009be00000, 0x000000009be00000| Untracked 
| 447|0x000000009bf00000, 0x000000009bf00000, 0x000000009c000000|  0%| F|  |TAMS 0x000000009bf00000, 0x000000009bf00000| Untracked 
| 448|0x000000009c000000, 0x000000009c000000, 0x000000009c100000|  0%| F|  |TAMS 0x000000009c000000, 0x000000009c000000| Untracked 
| 449|0x000000009c100000, 0x000000009c100000, 0x000000009c200000|  0%| F|  |TAMS 0x000000009c100000, 0x000000009c100000| Untracked 
| 450|0x000000009c200000, 0x000000009c200000, 0x000000009c300000|  0%| F|  |TAMS 0x000000009c200000, 0x000000009c200000| Untracked 
| 451|0x000000009c300000, 0x000000009c300000, 0x000000009c400000|  0%| F|  |TAMS 0x000000009c300000, 0x000000009c300000| Untracked 
| 452|0x000000009c400000, 0x000000009c400000, 0x000000009c500000|  0%| F|  |TAMS 0x000000009c400000, 0x000000009c400000| Untracked 
| 453|0x000000009c500000, 0x000000009c500000, 0x000000009c600000|  0%| F|  |TAMS 0x000000009c500000, 0x000000009c500000| Untracked 
| 454|0x000000009c600000, 0x000000009c600000, 0x000000009c700000|  0%| F|  |TAMS 0x000000009c600000, 0x000000009c600000| Untracked 
| 455|0x000000009c700000, 0x000000009c700000, 0x000000009c800000|  0%| F|  |TAMS 0x000000009c700000, 0x000000009c700000| Untracked 
| 456|0x000000009c800000, 0x000000009c800000, 0x000000009c900000|  0%| F|  |TAMS 0x000000009c800000, 0x000000009c800000| Untracked 
| 457|0x000000009c900000, 0x000000009c900000, 0x000000009ca00000|  0%| F|  |TAMS 0x000000009c900000, 0x000000009c900000| Untracked 
| 458|0x000000009ca00000, 0x000000009ca00000, 0x000000009cb00000|  0%| F|  |TAMS 0x000000009ca00000, 0x000000009ca00000| Untracked 
| 459|0x000000009cb00000, 0x000000009cb00000, 0x000000009cc00000|  0%| F|  |TAMS 0x000000009cb00000, 0x000000009cb00000| Untracked 
| 460|0x000000009cc00000, 0x000000009cc00000, 0x000000009cd00000|  0%| F|  |TAMS 0x000000009cc00000, 0x000000009cc00000| Untracked 
| 461|0x000000009cd00000, 0x000000009ce00000, 0x000000009ce00000|100%| S|CS|TAMS 0x000000009cd00000, 0x000000009cd00000| Complete 
| 462|0x000000009ce00000, 0x000000009cf00000, 0x000000009cf00000|100%| S|CS|TAMS 0x000000009ce00000, 0x000000009ce00000| Complete 
| 463|0x000000009cf00000, 0x000000009d000000, 0x000000009d000000|100%| S|CS|TAMS 0x000000009cf00000, 0x000000009cf00000| Complete 
| 464|0x000000009d000000, 0x000000009d000000, 0x000000009d100000|  0%| F|  |TAMS 0x000000009d000000, 0x000000009d000000| Untracked 
| 465|0x000000009d100000, 0x000000009d100000, 0x000000009d200000|  0%| F|  |TAMS 0x000000009d100000, 0x000000009d100000| Untracked 
| 466|0x000000009d200000, 0x000000009d200000, 0x000000009d300000|  0%| F|  |TAMS 0x000000009d200000, 0x000000009d200000| Untracked 
| 467|0x000000009d300000, 0x000000009d300000, 0x000000009d400000|  0%| F|  |TAMS 0x000000009d300000, 0x000000009d300000| Untracked 
| 468|0x000000009d400000, 0x000000009d400000, 0x000000009d500000|  0%| F|  |TAMS 0x000000009d400000, 0x000000009d400000| Untracked 
| 469|0x000000009d500000, 0x000000009d500000, 0x000000009d600000|  0%| F|  |TAMS 0x000000009d500000, 0x000000009d500000| Untracked 
| 470|0x000000009d600000, 0x000000009d600000, 0x000000009d700000|  0%| F|  |TAMS 0x000000009d600000, 0x000000009d600000| Untracked 
| 471|0x000000009d700000, 0x000000009d700000, 0x000000009d800000|  0%| F|  |TAMS 0x000000009d700000, 0x000000009d700000| Untracked 
| 472|0x000000009d800000, 0x000000009d800000, 0x000000009d900000|  0%| F|  |TAMS 0x000000009d800000, 0x000000009d800000| Untracked 
| 473|0x000000009d900000, 0x000000009d900000, 0x000000009da00000|  0%| F|  |TAMS 0x000000009d900000, 0x000000009d900000| Untracked 
| 474|0x000000009da00000, 0x000000009da00000, 0x000000009db00000|  0%| F|  |TAMS 0x000000009da00000, 0x000000009da00000| Untracked 
| 475|0x000000009db00000, 0x000000009db00000, 0x000000009dc00000|  0%| F|  |TAMS 0x000000009db00000, 0x000000009db00000| Untracked 
| 476|0x000000009dc00000, 0x000000009dc00000, 0x000000009dd00000|  0%| F|  |TAMS 0x000000009dc00000, 0x000000009dc00000| Untracked 
| 477|0x000000009dd00000, 0x000000009dd00000, 0x000000009de00000|  0%| F|  |TAMS 0x000000009dd00000, 0x000000009dd00000| Untracked 
| 478|0x000000009de00000, 0x000000009de00000, 0x000000009df00000|  0%| F|  |TAMS 0x000000009de00000, 0x000000009de00000| Untracked 
| 479|0x000000009df00000, 0x000000009df00000, 0x000000009e000000|  0%| F|  |TAMS 0x000000009df00000, 0x000000009df00000| Untracked 
| 480|0x000000009e000000, 0x000000009e000000, 0x000000009e100000|  0%| F|  |TAMS 0x000000009e000000, 0x000000009e000000| Untracked 
| 481|0x000000009e100000, 0x000000009e100000, 0x000000009e200000|  0%| F|  |TAMS 0x000000009e100000, 0x000000009e100000| Untracked 
| 482|0x000000009e200000, 0x000000009e200000, 0x000000009e300000|  0%| F|  |TAMS 0x000000009e200000, 0x000000009e200000| Untracked 
| 483|0x000000009e300000, 0x000000009e300000, 0x000000009e400000|  0%| F|  |TAMS 0x000000009e300000, 0x000000009e300000| Untracked 
| 484|0x000000009e400000, 0x000000009e400000, 0x000000009e500000|  0%| F|  |TAMS 0x000000009e400000, 0x000000009e400000| Untracked 
| 485|0x000000009e500000, 0x000000009e500000, 0x000000009e600000|  0%| F|  |TAMS 0x000000009e500000, 0x000000009e500000| Untracked 
| 486|0x000000009e600000, 0x000000009e600000, 0x000000009e700000|  0%| F|  |TAMS 0x000000009e600000, 0x000000009e600000| Untracked 
| 487|0x000000009e700000, 0x000000009e700000, 0x000000009e800000|  0%| F|  |TAMS 0x000000009e700000, 0x000000009e700000| Untracked 

Card table byte_map: [0x0000023232bc0000,0x0000023232fc0000] _byte_map_base: 0x00000232327c0000

Marking Bits (Prev, Next): (CMBitMap*) 0x000002321ba18510, (CMBitMap*) 0x000002321ba18550
 Prev Bits: [0x00000232333c0000, 0x00000232353c0000)
 Next Bits: [0x00000232353c0000, 0x00000232373c0000)

Polling page: 0x00000232198a0000

Metaspace:

Usage:
  Non-class:    110.14 MB used.
      Class:     16.86 MB used.
       Both:    127.00 MB used.

Virtual space:
  Non-class space:      128.00 MB reserved,     111.25 MB ( 87%) committed,  2 nodes.
      Class space:      416.00 MB reserved,      17.88 MB (  4%) committed,  1 nodes.
             Both:      544.00 MB reserved,     129.12 MB ( 24%) committed. 

Chunk freelists:
   Non-Class:  400.00 KB
       Class:  14.17 MB
        Both:  14.56 MB

MaxMetaspaceSize: 512.00 MB
CompressedClassSpaceSize: 416.00 MB
Initial GC threshold: 21.00 MB
Current GC threshold: 165.62 MB
CDS: on
MetaspaceReclaimPolicy: balanced
 - commit_granule_bytes: 65536.
 - commit_granule_words: 8192.
 - virtual_space_node_default_size: 8388608.
 - enlarge_chunks_in_place: 1.
 - new_chunks_are_fully_committed: 0.
 - uncommit_free_chunks: 1.
 - use_allocation_guard: 0.
 - handle_deallocations: 1.


Internal statistics:

num_allocs_failed_limit: 6.
num_arena_births: 3314.
num_arena_deaths: 0.
num_vsnodes_births: 3.
num_vsnodes_deaths: 0.
num_space_committed: 2064.
num_space_uncommitted: 0.
num_chunks_returned_to_freelist: 6.
num_chunks_taken_from_freelist: 9581.
num_chunk_merges: 6.
num_chunk_splits: 5753.
num_chunks_enlarged: 3059.
num_inconsistent_stats: 0.

CodeHeap 'non-profiled nmethods': size=120000Kb used=19077Kb max_used=19077Kb free=100922Kb
 bounds [0x000002322ad40000, 0x000002322bff0000, 0x0000023232270000]
CodeHeap 'profiled nmethods': size=120000Kb used=42945Kb max_used=42945Kb free=77054Kb
 bounds [0x0000023223270000, 0x0000023225c70000, 0x000002322a7a0000]
CodeHeap 'non-nmethods': size=5760Kb used=2492Kb max_used=2545Kb free=3267Kb
 bounds [0x000002322a7a0000, 0x000002322aa30000, 0x000002322ad40000]
 total_blobs=22849 nmethods=21807 adapters=951
 compilation: enabled
              stopped_count=0, restarted_count=0
 full_count=0

Compilation events (20 events):
Event: 9311.600 Thread 0x000002323a013570 nmethod 26663 0x000002322bfddd90 code [0x000002322bfddf00, 0x000002322bfde138]
Event: 9311.600 Thread 0x000002323a013570 26665       4       org.gradle.internal.component.external.model.AbstractVariantBackedConfigurationMetadata::getCapabilities (10 bytes)
Event: 9311.604 Thread 0x000002323a013570 nmethod 26665 0x000002322bfde190 code [0x000002322bfde320, 0x000002322bfde518]
Event: 9311.604 Thread 0x000002323a013570 26655       4       org.gradle.api.internal.artifacts.ivyservice.ivyresolve.BaseModuleComponentRepository::getId (10 bytes)
Event: 9311.607 Thread 0x000002323a013570 nmethod 26655 0x000002322bfde690 code [0x000002322bfde840, 0x000002322bfde9a8]
Event: 9311.607 Thread 0x000002323a013570 26525       4       org.gradle.api.internal.artifacts.configurations.DefaultConfiguration$ArtifactViewConfiguration_Decorated::lenient (12 bytes)
Event: 9311.607 Thread 0x000002323a013570 nmethod 26525 0x000002322bfdeb90 code [0x000002322bfded00, 0x000002322bfded98]
Event: 9311.608 Thread 0x000002323a013570 26604       4       org.gradle.execution.plan.Node::dependenciesProcessed (6 bytes)
Event: 9311.608 Thread 0x000002323a013570 nmethod 26604 0x000002322bfdee90 code [0x000002322bfdf000, 0x000002322bfdf078]
Event: 9311.608 Thread 0x000002323a013570 26667       4       org.gradle.api.internal.tasks.DefaultTaskDependency$TaskDependencySet::<init> (5 bytes)
Event: 9311.613 Thread 0x000002323a013570 nmethod 26667 0x000002322bfdf190 code [0x000002322bfdf320, 0x000002322bfdf5b8]
Event: 9311.615 Thread 0x000002323a013e80 26682       3       org.gradle.api.internal.artifacts.configurations.DefaultConfiguration::getIdentity (58 bytes)
Event: 9311.616 Thread 0x000002323a013e80 nmethod 26682 0x0000023225c5e690 code [0x0000023225c5e8e0, 0x0000023225c5f318]
Event: 9311.616 Thread 0x000002323a013e80 26683       3       org.gradle.api.internal.artifacts.configurations.DefaultConfiguration$DefaultConfigurationIdentity::<init> (20 bytes)
Event: 9311.616 Thread 0x000002323a013e80 nmethod 26683 0x0000023225c5f610 code [0x0000023225c5f7c0, 0x0000023225c5fa38]
Event: 9311.624 Thread 0x000002323a013570 26684   !   4       org.gradle.api.internal.tasks.CachingTaskDependencyResolveContext::getDependencies (102 bytes)
Event: 9311.648 Thread 0x000002323a013e80 26686       3       org.gradle.internal.resource.transport.file.FileTransport::<init> (54 bytes)
Event: 9311.652 Thread 0x000002323a013e80 nmethod 26686 0x0000023225c5fb10 code [0x0000023225c5fd00, 0x0000023225c603e8]
Event: 9311.680 Thread 0x000002323a013570 nmethod 26684 0x000002322bfdf710 code [0x000002322bfdf940, 0x000002322bfe0c88]
Event: 9311.680 Thread 0x000002323a013570 26687       4       org.gradle.api.internal.artifacts.ivyservice.resolveengine.result.DefaultResolutionResultBuilder::visitOutgoingEdges (487 bytes)

GC Heap History (20 events):
Event: 9297.149 GC heap after
{Heap after GC invocations=108 (full 0):
 garbage-first heap   total 499712K, used 405020K [0x0000000080000000, 0x0000000100000000)
  region size 1024K, 6 young (6144K), 6 survivors (6144K)
 Metaspace       used 129622K, committed 131840K, reserved 557056K
  class space    used 17261K, committed 18304K, reserved 425984K
}
Event: 9300.038 GC heap before
{Heap before GC invocations=108 (full 0):
 garbage-first heap   total 499712K, used 434716K [0x0000000080000000, 0x0000000100000000)
  region size 1024K, 35 young (35840K), 6 survivors (6144K)
 Metaspace       used 129657K, committed 131904K, reserved 557056K
  class space    used 17262K, committed 18304K, reserved 425984K
}
Event: 9300.148 GC heap after
{Heap after GC invocations=109 (full 0):
 garbage-first heap   total 499712K, used 412563K [0x0000000080000000, 0x0000000100000000)
  region size 1024K, 5 young (5120K), 5 survivors (5120K)
 Metaspace       used 129657K, committed 131904K, reserved 557056K
  class space    used 17262K, committed 18304K, reserved 425984K
}
Event: 9301.773 GC heap before
{Heap before GC invocations=109 (full 0):
 garbage-first heap   total 499712K, used 436115K [0x0000000080000000, 0x0000000100000000)
  region size 1024K, 28 young (28672K), 5 survivors (5120K)
 Metaspace       used 129693K, committed 131904K, reserved 557056K
  class space    used 17262K, committed 18304K, reserved 425984K
}
Event: 9301.826 GC heap after
{Heap after GC invocations=110 (full 0):
 garbage-first heap   total 499712K, used 419114K [0x0000000080000000, 0x0000000100000000)
  region size 1024K, 4 young (4096K), 4 survivors (4096K)
 Metaspace       used 129693K, committed 131904K, reserved 557056K
  class space    used 17262K, committed 18304K, reserved 425984K
}
Event: 9303.534 GC heap before
{Heap before GC invocations=110 (full 0):
 garbage-first heap   total 499712K, used 438570K [0x0000000080000000, 0x0000000100000000)
  region size 1024K, 24 young (24576K), 4 survivors (4096K)
 Metaspace       used 129728K, committed 131968K, reserved 557056K
  class space    used 17263K, committed 18304K, reserved 425984K
}
Event: 9303.591 GC heap after
{Heap after GC invocations=111 (full 0):
 garbage-first heap   total 499712K, used 423050K [0x0000000080000000, 0x0000000100000000)
  region size 1024K, 3 young (3072K), 3 survivors (3072K)
 Metaspace       used 129728K, committed 131968K, reserved 557056K
  class space    used 17263K, committed 18304K, reserved 425984K
}
Event: 9305.175 GC heap before
{Heap before GC invocations=111 (full 0):
 garbage-first heap   total 499712K, used 444554K [0x0000000080000000, 0x0000000100000000)
  region size 1024K, 24 young (24576K), 3 survivors (3072K)
 Metaspace       used 129767K, committed 131968K, reserved 557056K
  class space    used 17263K, committed 18304K, reserved 425984K
}
Event: 9305.269 GC heap after
{Heap after GC invocations=112 (full 0):
 garbage-first heap   total 499712K, used 427983K [0x0000000080000000, 0x0000000100000000)
  region size 1024K, 3 young (3072K), 3 survivors (3072K)
 Metaspace       used 129767K, committed 131968K, reserved 557056K
  class space    used 17263K, committed 18304K, reserved 425984K
}
Event: 9306.542 GC heap before
{Heap before GC invocations=112 (full 0):
 garbage-first heap   total 499712K, used 449487K [0x0000000080000000, 0x0000000100000000)
  region size 1024K, 24 young (24576K), 3 survivors (3072K)
 Metaspace       used 129843K, committed 132032K, reserved 557056K
  class space    used 17266K, committed 18304K, reserved 425984K
}
Event: 9306.558 GC heap after
{Heap after GC invocations=113 (full 0):
 garbage-first heap   total 499712K, used 432088K [0x0000000080000000, 0x0000000100000000)
  region size 1024K, 3 young (3072K), 3 survivors (3072K)
 Metaspace       used 129843K, committed 132032K, reserved 557056K
  class space    used 17266K, committed 18304K, reserved 425984K
}
Event: 9307.762 GC heap before
{Heap before GC invocations=113 (full 0):
 garbage-first heap   total 499712K, used 453592K [0x0000000080000000, 0x0000000100000000)
  region size 1024K, 24 young (24576K), 3 survivors (3072K)
 Metaspace       used 129872K, committed 132096K, reserved 557056K
  class space    used 17267K, committed 18304K, reserved 425984K
}
Event: 9307.818 GC heap after
{Heap after GC invocations=114 (full 0):
 garbage-first heap   total 499712K, used 436821K [0x0000000080000000, 0x0000000100000000)
  region size 1024K, 3 young (3072K), 3 survivors (3072K)
 Metaspace       used 129872K, committed 132096K, reserved 557056K
  class space    used 17267K, committed 18304K, reserved 425984K
}
Event: 9308.272 GC heap before
{Heap before GC invocations=114 (full 0):
 garbage-first heap   total 499712K, used 458325K [0x0000000080000000, 0x0000000100000000)
  region size 1024K, 24 young (24576K), 3 survivors (3072K)
 Metaspace       used 129884K, committed 132096K, reserved 557056K
  class space    used 17267K, committed 18304K, reserved 425984K
}
Event: 9308.339 GC heap after
{Heap after GC invocations=115 (full 0):
 garbage-first heap   total 499712K, used 440897K [0x0000000080000000, 0x0000000100000000)
  region size 1024K, 3 young (3072K), 3 survivors (3072K)
 Metaspace       used 129884K, committed 132096K, reserved 557056K
  class space    used 17267K, committed 18304K, reserved 425984K
}
Event: 9310.112 GC heap before
{Heap before GC invocations=115 (full 0):
 garbage-first heap   total 499712K, used 462401K [0x0000000080000000, 0x0000000100000000)
  region size 1024K, 24 young (24576K), 3 survivors (3072K)
 Metaspace       used 129931K, committed 132096K, reserved 557056K
  class space    used 17268K, committed 18304K, reserved 425984K
}
Event: 9310.131 GC heap after
{Heap after GC invocations=116 (full 0):
 garbage-first heap   total 499712K, used 446434K [0x0000000080000000, 0x0000000100000000)
  region size 1024K, 3 young (3072K), 3 survivors (3072K)
 Metaspace       used 129931K, committed 132096K, reserved 557056K
  class space    used 17268K, committed 18304K, reserved 425984K
}
Event: 9310.911 GC heap before
{Heap before GC invocations=116 (full 0):
 garbage-first heap   total 499712K, used 467938K [0x0000000080000000, 0x0000000100000000)
  region size 1024K, 24 young (24576K), 3 survivors (3072K)
 Metaspace       used 130026K, committed 132224K, reserved 557056K
  class space    used 17268K, committed 18304K, reserved 425984K
}
Event: 9310.982 GC heap after
{Heap after GC invocations=117 (full 0):
 garbage-first heap   total 499712K, used 453278K [0x0000000080000000, 0x0000000100000000)
  region size 1024K, 3 young (3072K), 3 survivors (3072K)
 Metaspace       used 130026K, committed 132224K, reserved 557056K
  class space    used 17268K, committed 18304K, reserved 425984K
}
Event: 9311.690 GC heap before
{Heap before GC invocations=117 (full 0):
 garbage-first heap   total 499712K, used 474782K [0x0000000080000000, 0x0000000100000000)
  region size 1024K, 24 young (24576K), 3 survivors (3072K)
 Metaspace       used 130052K, committed 132224K, reserved 557056K
  class space    used 17268K, committed 18304K, reserved 425984K
}

Deoptimization events (20 events):
Event: 9307.509 Thread 0x000002325a0214d0 DEOPT PACKING pc=0x000002322bf67e88 sp=0x000000abac1f6e40
Event: 9307.509 Thread 0x000002325a0214d0 DEOPT UNPACKING pc=0x000002322a7f23a3 sp=0x000000abac1f6c90 mode 2
Event: 9307.510 Thread 0x000002325a0214d0 Uncommon trap: trap_request=0xffffffbe fr.pc=0x000002322bf67e88 relative=0x00000000000005a8
Event: 9307.510 Thread 0x000002325a0214d0 Uncommon trap: reason=profile_predicate action=maybe_recompile pc=0x000002322bf67e88 method=java.util.regex.Pattern$Slice.match(Ljava/util/regex/Matcher;ILjava/lang/CharSequence;)Z @ 18 c2
Event: 9307.511 Thread 0x000002325a0214d0 DEOPT PACKING pc=0x000002322bf67e88 sp=0x000000abac1f6e40
Event: 9307.511 Thread 0x000002325a0214d0 DEOPT UNPACKING pc=0x000002322a7f23a3 sp=0x000000abac1f6c90 mode 2
Event: 9307.514 Thread 0x000002325a0214d0 Uncommon trap: trap_request=0xffffffbe fr.pc=0x000002322bf67e88 relative=0x00000000000005a8
Event: 9307.514 Thread 0x000002325a0214d0 Uncommon trap: reason=profile_predicate action=maybe_recompile pc=0x000002322bf67e88 method=java.util.regex.Pattern$Slice.match(Ljava/util/regex/Matcher;ILjava/lang/CharSequence;)Z @ 18 c2
Event: 9307.514 Thread 0x000002325a0214d0 DEOPT PACKING pc=0x000002322bf67e88 sp=0x000000abac1f81b0
Event: 9307.514 Thread 0x000002325a0214d0 DEOPT UNPACKING pc=0x000002322a7f23a3 sp=0x000000abac1f7ff8 mode 2
Event: 9307.515 Thread 0x000002325a0214d0 Uncommon trap: trap_request=0xffffffbe fr.pc=0x000002322babf424 relative=0x00000000000004e4
Event: 9307.515 Thread 0x000002325a0214d0 Uncommon trap: reason=profile_predicate action=maybe_recompile pc=0x000002322babf424 method=java.util.regex.Pattern$Slice.match(Ljava/util/regex/Matcher;ILjava/lang/CharSequence;)Z @ 18 c2
Event: 9307.515 Thread 0x000002325a0214d0 DEOPT PACKING pc=0x000002322babf424 sp=0x000000abac1f75a0
Event: 9307.528 Thread 0x000002325a0214d0 DEOPT UNPACKING pc=0x000002322a7f23a3 sp=0x000000abac1f7450 mode 2
Event: 9307.989 Thread 0x000002325a0214d0 DEOPT PACKING pc=0x0000023223c94cff sp=0x000000abac1f9020
Event: 9307.989 Thread 0x000002325a0214d0 DEOPT UNPACKING pc=0x000002322a7f2b43 sp=0x000000abac1f85d8 mode 0
Event: 9309.372 Thread 0x000002325a0214d0 Uncommon trap: trap_request=0xffffff66 fr.pc=0x000002322be684fc relative=0x00000000000000dc
Event: 9309.373 Thread 0x000002325a0214d0 Uncommon trap: reason=speculate_class_check action=maybe_recompile pc=0x000002322be684fc method=jdk.internal.reflect.UnsafeObjectFieldAccessorImpl.get(Ljava/lang/Object;)Ljava/lang/Object; @ 13 c2
Event: 9309.373 Thread 0x000002325a0214d0 DEOPT PACKING pc=0x000002322be684fc sp=0x000000abac1f8880
Event: 9309.374 Thread 0x000002325a0214d0 DEOPT UNPACKING pc=0x000002322a7f23a3 sp=0x000000abac1f8818 mode 2

Classes unloaded (0 events):
No events

Classes redefined (0 events):
No events

Internal exceptions (20 events):
Event: 9283.719 Thread 0x000002325a0214d0 Exception <a 'sun/nio/fs/WindowsException'{0x000000009e66d558}> (0x000000009e66d558) 
thrown [s\open\src\hotspot\share\prims\jni.cpp, line 516]
Event: 9289.945 Thread 0x00000232663b80f0 Exception <a 'sun/nio/fs/WindowsException'{0x000000009cb981b8}> (0x000000009cb981b8) 
thrown [s\open\src\hotspot\share\prims\jni.cpp, line 516]
Event: 9289.951 Thread 0x00000232663b80f0 Exception <a 'sun/nio/fs/WindowsException'{0x000000009cb9adf8}> (0x000000009cb9adf8) 
thrown [s\open\src\hotspot\share\prims\jni.cpp, line 516]
Event: 9289.952 Thread 0x00000232663b80f0 Exception <a 'sun/nio/fs/WindowsException'{0x000000009cb9d7a8}> (0x000000009cb9d7a8) 
thrown [s\open\src\hotspot\share\prims\jni.cpp, line 516]
Event: 9289.953 Thread 0x00000232663b80f0 Exception <a 'sun/nio/fs/WindowsException'{0x000000009cba9220}> (0x000000009cba9220) 
thrown [s\open\src\hotspot\share\prims\jni.cpp, line 516]
Event: 9289.962 Thread 0x00000232663b80f0 Exception <a 'sun/nio/fs/WindowsException'{0x000000009cbb3b68}> (0x000000009cbb3b68) 
thrown [s\open\src\hotspot\share\prims\jni.cpp, line 516]
Event: 9290.348 Thread 0x00000232663b80f0 Exception <a 'sun/nio/fs/WindowsException'{0x000000009c819eb0}> (0x000000009c819eb0) 
thrown [s\open\src\hotspot\share\prims\jni.cpp, line 516]
Event: 9290.350 Thread 0x00000232663b80f0 Exception <a 'sun/nio/fs/WindowsException'{0x000000009c824fd0}> (0x000000009c824fd0) 
thrown [s\open\src\hotspot\share\prims\jni.cpp, line 516]
Event: 9290.351 Thread 0x00000232663b80f0 Exception <a 'sun/nio/fs/WindowsException'{0x000000009c827a18}> (0x000000009c827a18) 
thrown [s\open\src\hotspot\share\prims\jni.cpp, line 516]
Event: 9290.353 Thread 0x00000232663b80f0 Exception <a 'sun/nio/fs/WindowsException'{0x000000009c82a0c8}> (0x000000009c82a0c8) 
thrown [s\open\src\hotspot\share\prims\jni.cpp, line 516]
Event: 9292.495 Thread 0x000002325d184490 Exception <a 'sun/nio/fs/WindowsException'{0x000000009e365e80}> (0x000000009e365e80) 
thrown [s\open\src\hotspot\share\prims\jni.cpp, line 516]
Event: 9292.496 Thread 0x000002325d184490 Exception <a 'sun/nio/fs/WindowsException'{0x000000009e36f0c8}> (0x000000009e36f0c8) 
thrown [s\open\src\hotspot\share\prims\jni.cpp, line 516]
Event: 9292.497 Thread 0x000002325d184490 Exception <a 'sun/nio/fs/WindowsException'{0x000000009e371968}> (0x000000009e371968) 
thrown [s\open\src\hotspot\share\prims\jni.cpp, line 516]
Event: 9292.499 Thread 0x000002325d184490 Exception <a 'sun/nio/fs/WindowsException'{0x000000009e374100}> (0x000000009e374100) 
thrown [s\open\src\hotspot\share\prims\jni.cpp, line 516]
Event: 9293.403 Thread 0x000002325a0214d0 Exception <a 'sun/nio/fs/WindowsException'{0x000000009dabdea0}> (0x000000009dabdea0) 
thrown [s\open\src\hotspot\share\prims\jni.cpp, line 516]
Event: 9302.484 Thread 0x000002325a0214d0 Exception <a 'sun/nio/fs/WindowsException'{0x000000009db359b0}> (0x000000009db359b0) 
thrown [s\open\src\hotspot\share\prims\jni.cpp, line 516]
Event: 9309.314 Thread 0x000002325a0214d0 Exception <a 'sun/nio/fs/WindowsException'{0x000000009e4215b8}> (0x000000009e4215b8) 
thrown [s\open\src\hotspot\share\prims\jni.cpp, line 516]
Event: 9309.317 Thread 0x000002325a0214d0 Exception <a 'sun/nio/fs/WindowsException'{0x000000009e422ad8}> (0x000000009e422ad8) 
thrown [s\open\src\hotspot\share\prims\jni.cpp, line 516]
Event: 9309.317 Thread 0x000002325a0214d0 Exception <a 'sun/nio/fs/WindowsException'{0x000000009e424048}> (0x000000009e424048) 
thrown [s\open\src\hotspot\share\prims\jni.cpp, line 516]
Event: 9309.318 Thread 0x000002325a0214d0 Exception <a 'sun/nio/fs/WindowsException'{0x000000009e4255b8}> (0x000000009e4255b8) 
thrown [s\open\src\hotspot\share\prims\jni.cpp, line 516]

VM Operations (20 events):
Event: 9304.600 Executing VM operation: Cleanup done
Event: 9305.174 Executing VM operation: G1CollectForAllocation
Event: 9305.269 Executing VM operation: G1CollectForAllocation done
Event: 9306.275 Executing VM operation: Cleanup
Event: 9306.308 Executing VM operation: Cleanup done
Event: 9306.542 Executing VM operation: G1CollectForAllocation
Event: 9306.558 Executing VM operation: G1CollectForAllocation done
Event: 9307.568 Executing VM operation: Cleanup
Event: 9307.583 Executing VM operation: Cleanup done
Event: 9307.762 Executing VM operation: G1CollectForAllocation
Event: 9307.818 Executing VM operation: G1CollectForAllocation done
Event: 9308.271 Executing VM operation: G1CollectForAllocation
Event: 9308.339 Executing VM operation: G1CollectForAllocation done
Event: 9309.346 Executing VM operation: Cleanup
Event: 9309.346 Executing VM operation: Cleanup done
Event: 9310.112 Executing VM operation: G1CollectForAllocation
Event: 9310.132 Executing VM operation: G1CollectForAllocation done
Event: 9310.910 Executing VM operation: G1CollectForAllocation
Event: 9310.983 Executing VM operation: G1CollectForAllocation done
Event: 9311.682 Executing VM operation: G1CollectForAllocation

Events (20 events):
Event: 9303.746 Thread 0x00000232675ddde0 Thread added: 0x00000232675ddde0
Event: 9303.746 Thread 0x00000232675dc490 Thread added: 0x00000232675dc490
Event: 9303.747 Thread 0x00000232675dd3c0 Thread added: 0x00000232675dd3c0
Event: 9303.747 Thread 0x00000232675de800 Thread added: 0x00000232675de800
Event: 9303.747 Thread 0x000002326680e500 Thread added: 0x000002326680e500
Event: 9303.748 Thread 0x000002326680dff0 Thread added: 0x000002326680dff0
Event: 9303.748 Thread 0x0000023266810870 Thread added: 0x0000023266810870
Event: 9303.748 Thread 0x0000023266810360 Thread added: 0x0000023266810360
Event: 9303.749 Thread 0x000002326680dae0 Thread added: 0x000002326680dae0
Event: 9305.464 Thread 0x0000023266581680 Thread added: 0x0000023266581680
Event: 9305.468 Thread 0x000002325d0cce90 Thread added: 0x000002325d0cce90
Event: 9305.469 Thread 0x000002326704fa70 Thread added: 0x000002326704fa70
Event: 9305.470 Thread 0x00000232670509a0 Thread added: 0x00000232670509a0
Event: 9305.470 Thread 0x000002326704eb40 Thread added: 0x000002326704eb40
Event: 9305.470 Thread 0x00000232670513c0 Thread added: 0x00000232670513c0
Event: 9305.471 Thread 0x00000232670518d0 Thread added: 0x00000232670518d0
Event: 9308.989 Thread 0x000002325d0cc980 Thread added: 0x000002325d0cc980
Event: 9308.990 Thread 0x000002325ed4e860 Thread added: 0x000002325ed4e860
Event: 9308.991 Thread 0x00000232675dd8d0 Thread added: 0x00000232675dd8d0
Event: 9308.993 Thread 0x000002325d0cc470 Thread added: 0x000002325d0cc470


Dynamic libraries:
0x00007ff632a90000 - 0x00007ff632aa0000 	C:\Program Files\Java\jdk-17\bin\java.exe
0x00007ffe9a920000 - 0x00007ffe9ab86000 	C:\WINDOWS\SYSTEM32\ntdll.dll
0x00007ffe9a7c0000 - 0x00007ffe9a889000 	C:\WINDOWS\System32\KERNEL32.DLL
0x00007ffe97d60000 - 0x00007ffe9812c000 	C:\WINDOWS\System32\KERNELBASE.dll
0x00007ffe97c10000 - 0x00007ffe97d5b000 	C:\WINDOWS\System32\ucrtbase.dll
0x00007ffe65940000 - 0x00007ffe65959000 	C:\Program Files\Java\jdk-17\bin\jli.dll
0x00007ffe9a2c0000 - 0x00007ffe9a372000 	C:\WINDOWS\System32\ADVAPI32.dll
0x00007ffe9a210000 - 0x00007ffe9a2b9000 	C:\WINDOWS\System32\msvcrt.dll
0x00007ffe99710000 - 0x00007ffe997b6000 	C:\WINDOWS\System32\sechost.dll
0x00007ffe98b00000 - 0x00007ffe98c16000 	C:\WINDOWS\System32\RPCRT4.dll
0x00007ffe9a380000 - 0x00007ffe9a54a000 	C:\WINDOWS\System32\USER32.dll
0x00007ffe97ab0000 - 0x00007ffe97ad7000 	C:\WINDOWS\System32\win32u.dll
0x00007ffe987d0000 - 0x00007ffe987fb000 	C:\WINDOWS\System32\GDI32.dll
0x00007ffe984f0000 - 0x00007ffe98622000 	C:\WINDOWS\System32\gdi32full.dll
0x00007ffe98630000 - 0x00007ffe986d3000 	C:\WINDOWS\System32\msvcp_win.dll
0x00007ffe65920000 - 0x00007ffe6593b000 	C:\Program Files\Java\jdk-17\bin\VCRUNTIME140.dll
0x00007ffe74440000 - 0x00007ffe746da000 	C:\WINDOWS\WinSxS\amd64_microsoft.windows.common-controls_6595b64144ccf1df_6.0.26100.3912_none_3e07963ce335137e\COMCTL32.dll
0x00007ffe85390000 - 0x00007ffe8539b000 	C:\WINDOWS\SYSTEM32\VERSION.dll
0x00007ffe98ac0000 - 0x00007ffe98af0000 	C:\WINDOWS\System32\IMM32.DLL
0x00007ffe693f0000 - 0x00007ffe693fc000 	C:\Program Files\Java\jdk-17\bin\vcruntime140_1.dll
0x00007ffe65860000 - 0x00007ffe658ee000 	C:\Program Files\Java\jdk-17\bin\msvcp140.dll
0x00007ffe64c80000 - 0x00007ffe65860000 	C:\Program Files\Java\jdk-17\bin\server\jvm.dll
0x00007ffe99c50000 - 0x00007ffe99c58000 	C:\WINDOWS\System32\PSAPI.DLL
0x00007ffe6e310000 - 0x00007ffe6e31a000 	C:\WINDOWS\SYSTEM32\WSOCK32.dll
0x00007ffe98990000 - 0x00007ffe98a04000 	C:\WINDOWS\System32\WS2_32.dll
0x00007ffe8f8b0000 - 0x00007ffe8f8e6000 	C:\WINDOWS\SYSTEM32\WINMM.dll
0x00007ffe96990000 - 0x00007ffe969aa000 	C:\WINDOWS\SYSTEM32\kernel.appcore.dll
0x00007ffe65f70000 - 0x00007ffe65f7a000 	C:\Program Files\Java\jdk-17\bin\jimage.dll
0x00007ffe95220000 - 0x00007ffe95461000 	C:\WINDOWS\SYSTEM32\DBGHELP.DLL
0x00007ffe99cc0000 - 0x00007ffe9a044000 	C:\WINDOWS\System32\combase.dll
0x00007ffe986e0000 - 0x00007ffe987c0000 	C:\WINDOWS\System32\OLEAUT32.dll
0x00007ffe6d890000 - 0x00007ffe6d8c9000 	C:\WINDOWS\SYSTEM32\dbgcore.DLL
0x00007ffe97ae0000 - 0x00007ffe97b79000 	C:\WINDOWS\System32\bcryptPrimitives.dll
0x00007ffe58850000 - 0x00007ffe5885e000 	C:\Program Files\Java\jdk-17\bin\instrument.dll
0x00007ffe65f00000 - 0x00007ffe65f25000 	C:\Program Files\Java\jdk-17\bin\java.dll
0x00007ffe65db0000 - 0x00007ffe65e87000 	C:\Program Files\Java\jdk-17\bin\jsvml.dll
0x00007ffe98e30000 - 0x00007ffe9955d000 	C:\WINDOWS\System32\SHELL32.dll
0x00007ffe98370000 - 0x00007ffe984e4000 	C:\WINDOWS\System32\wintypes.dll
0x00007ffe956f0000 - 0x00007ffe95f46000 	C:\WINDOWS\SYSTEM32\windows.storage.dll
0x00007ffe9a050000 - 0x00007ffe9a13f000 	C:\WINDOWS\System32\SHCORE.dll
0x00007ffe9a750000 - 0x00007ffe9a7b9000 	C:\WINDOWS\System32\shlwapi.dll
0x00007ffe979c0000 - 0x00007ffe979ef000 	C:\WINDOWS\SYSTEM32\profapi.dll
0x00007ffe65a80000 - 0x00007ffe65a98000 	C:\Program Files\Java\jdk-17\bin\zip.dll
0x00007ffe65ac0000 - 0x00007ffe65ad9000 	C:\Program Files\Java\jdk-17\bin\net.dll
0x00007ffe86160000 - 0x00007ffe8627e000 	C:\WINDOWS\SYSTEM32\WINHTTP.dll
0x00007ffe96f00000 - 0x00007ffe96f6a000 	C:\WINDOWS\system32\mswsock.dll
0x00007ffe65aa0000 - 0x00007ffe65ab6000 	C:\Program Files\Java\jdk-17\bin\nio.dll
0x00007ffe577c0000 - 0x00007ffe577d0000 	C:\Program Files\Java\jdk-17\bin\verify.dll
0x00007ffe70c00000 - 0x00007ffe70c27000 	C:\Users\hp\.gradle\native\c067742578af261105cb4f569cf0c3c89f3d7b1fecec35dd04571415982c5e48\windows-amd64\native-platform.dll
0x00007ffdedc00000 - 0x00007ffdedd44000 	C:\Users\hp\.gradle\native\38dada09dfb8b06ba9b0570ebf7e218e3eb74d4ef43ca46872605cf95ebc2f47\windows-amd64\native-platform-file-events.dll
0x00007ffe450d0000 - 0x00007ffe450da000 	C:\Program Files\Java\jdk-17\bin\management.dll
0x00007ffe450c0000 - 0x00007ffe450cb000 	C:\Program Files\Java\jdk-17\bin\management_ext.dll
0x00007ffe971a0000 - 0x00007ffe971bc000 	C:\WINDOWS\SYSTEM32\CRYPTSP.dll
0x00007ffe96880000 - 0x00007ffe968ba000 	C:\WINDOWS\system32\rsaenh.dll
0x00007ffe96fa0000 - 0x00007ffe96fcb000 	C:\WINDOWS\SYSTEM32\USERENV.dll
0x00007ffe97990000 - 0x00007ffe979b6000 	C:\WINDOWS\SYSTEM32\bcrypt.dll
0x00007ffe971c0000 - 0x00007ffe971cc000 	C:\WINDOWS\SYSTEM32\CRYPTBASE.dll
0x00007ffe96270000 - 0x00007ffe962a3000 	C:\WINDOWS\SYSTEM32\IPHLPAPI.DLL
0x00007ffe98800000 - 0x00007ffe9880a000 	C:\WINDOWS\System32\NSI.dll
0x00007ffe8c5c0000 - 0x00007ffe8c5df000 	C:\WINDOWS\SYSTEM32\dhcpcsvc6.DLL
0x00007ffe8c520000 - 0x00007ffe8c545000 	C:\WINDOWS\SYSTEM32\dhcpcsvc.DLL
0x00007ffe96360000 - 0x00007ffe96487000 	C:\WINDOWS\SYSTEM32\DNSAPI.dll
0x00007ffe51900000 - 0x00007ffe5190e000 	C:\Program Files\Java\jdk-17\bin\sunmscapi.dll
0x00007ffe981f0000 - 0x00007ffe98367000 	C:\WINDOWS\System32\CRYPT32.dll
0x00007ffe97330000 - 0x00007ffe97360000 	C:\WINDOWS\SYSTEM32\ncrypt.dll
0x00007ffe972e0000 - 0x00007ffe9731f000 	C:\WINDOWS\SYSTEM32\NTASN1.dll
0x00007ffe6ecb0000 - 0x00007ffe6ecb8000 	C:\WINDOWS\system32\wshunix.dll
0x00007ffe87270000 - 0x00007ffe8727b000 	C:\Windows\System32\rasadhlp.dll
0x00007ffe6a9f0000 - 0x00007ffe6aa08000 	C:\WINDOWS\system32\napinsp.dll
0x00007ffe6a970000 - 0x00007ffe6a982000 	C:\WINDOWS\System32\winrnr.dll
0x00007ffe6a930000 - 0x00007ffe6a960000 	C:\WINDOWS\system32\nlansp_c.dll
0x00007ffe82d30000 - 0x00007ffe82d50000 	C:\WINDOWS\system32\wshbth.dll
0x00007ffe8e2d0000 - 0x00007ffe8e356000 	C:\WINDOWS\System32\fwpuclnt.dll
0x00007ffe91d60000 - 0x00007ffe91dfe000 	C:\WINDOWS\system32\apphelp.dll

dbghelp: loaded successfully - version: 4.0.5 - missing functions: none
symbol engine: initialized successfully - sym options: 0x614 - pdb path: .;C:\Program Files\Java\jdk-17\bin;C:\WINDOWS\SYSTEM32;C:\WINDOWS\WinSxS\amd64_microsoft.windows.common-controls_6595b64144ccf1df_6.0.26100.3912_none_3e07963ce335137e;C:\Program Files\Java\jdk-17\bin\server;C:\Users\hp\.gradle\native\c067742578af261105cb4f569cf0c3c89f3d7b1fecec35dd04571415982c5e48\windows-amd64;C:\Users\hp\.gradle\native\38dada09dfb8b06ba9b0570ebf7e218e3eb74d4ef43ca46872605cf95ebc2f47\windows-amd64

VM Arguments:
jvm_args: -XX:MaxMetaspaceSize=512m --add-opens=java.base/java.util=ALL-UNNAMED --add-opens=java.base/java.lang=ALL-UNNAMED --add-opens=java.base/java.lang.invoke=ALL-UNNAMED --add-opens=java.prefs/java.util.prefs=ALL-UNNAMED --add-opens=java.base/java.nio.charset=ALL-UNNAMED --add-opens=java.base/java.net=ALL-UNNAMED --add-opens=java.base/java.util.concurrent.atomic=ALL-UNNAMED -Xmx2048m -Dfile.encoding=windows-1252 -Duser.country=AE -Duser.language=en -Duser.variant -javaagent:C:\Users\hp\.gradle\wrapper\dists\gradle-8.7-all\aan3ydargesu18aqyqjwhr3pc\gradle-8.7\lib\agents\gradle-instrumentation-agent-8.7.jar 
java_command: org.gradle.launcher.daemon.bootstrap.GradleDaemon 8.7
java_class_path (initial): C:\Users\hp\.gradle\wrapper\dists\gradle-8.7-all\aan3ydargesu18aqyqjwhr3pc\gradle-8.7\lib\gradle-launcher-8.7.jar
Launcher Type: SUN_STANDARD

[Global flags]
     intx CICompilerCount                          = 4                                         {product} {ergonomic}
   size_t CompressedClassSpaceSize                 = 436207616                                 {product} {ergonomic}
     uint ConcGCThreads                            = 3                                         {product} {ergonomic}
     uint G1ConcRefinementThreads                  = 10                                        {product} {ergonomic}
   size_t G1HeapRegionSize                         = 1048576                                   {product} {ergonomic}
    uintx GCDrainStackTargetSize                   = 64                                        {product} {ergonomic}
   size_t InitialHeapSize                          = 130023424                                 {product} {ergonomic}
   size_t MarkStackSize                            = 4194304                                   {product} {ergonomic}
   size_t MaxHeapSize                              = 2147483648                                {product} {command line}
   size_t MaxMetaspaceSize                         = 536870912                                 {product} {command line}
   size_t MaxNewSize                               = 1287651328                                {product} {ergonomic}
   size_t MinHeapDeltaBytes                        = 1048576                                   {product} {ergonomic}
   size_t MinHeapSize                              = 8388608                                   {product} {ergonomic}
    uintx NonNMethodCodeHeapSize                   = 5839372                                {pd product} {ergonomic}
    uintx NonProfiledCodeHeapSize                  = 122909434                              {pd product} {ergonomic}
    uintx ProfiledCodeHeapSize                     = 122909434                              {pd product} {ergonomic}
    uintx ReservedCodeCacheSize                    = 251658240                              {pd product} {ergonomic}
     bool SegmentedCodeCache                       = true                                      {product} {ergonomic}
   size_t SoftMaxHeapSize                          = 2147483648                             {manageable} {ergonomic}
     bool UseCompressedClassPointers               = true                           {product lp64_product} {ergonomic}
     bool UseCompressedOops                        = true                           {product lp64_product} {ergonomic}
     bool UseG1GC                                  = true                                      {product} {ergonomic}
     bool UseLargePagesIndividualAllocation        = false                                  {pd product} {ergonomic}

Logging:
Log output configuration:
 #0: stdout all=warning uptime,level,tags
 #1: stderr all=off uptime,level,tags

Environment Variables:
CLASSPATH=C:\Users\hp\Desktop\Projects\Wakala\wakala\wakala_app\android\\gradle\wrapper\gradle-wrapper.jar
PATH=C:\Users\hp\Desktop\Projects\Wakala\wakala\wakala_app\node_modules\.bin;C:\Users\hp\Desktop\Projects\Wakala\wakala\wakala_app\node_modules\.bin;C:\Users\hp\Desktop\Projects\Wakala\wakala\node_modules\.bin;C:\Users\hp\Desktop\Projects\Wakala\node_modules\.bin;C:\Users\hp\Desktop\Projects\node_modules\.bin;C:\Users\hp\Desktop\node_modules\.bin;C:\Users\hp\node_modules\.bin;C:\Users\node_modules\.bin;C:\node_modules\.bin;C:\Users\hp\AppData\Roaming\npm\node_modules\npm\node_modules\@npmcli\run-script\lib\node-gyp-bin;C:\Program Files\Common Files\Oracle\Java\javapath;C:\Program Files (x86)\Common Files\Oracle\Java\java8path;C:\Program Files (x86)\Common Files\Oracle\Java\javapath;C:\Program Files\ImageMagick-7.1.1-Q16-HDRI;C:\WINDOWS\system32;C:\WINDOWS;C:\WINDOWS\System32\Wbem;C:\WINDOWS\System32\WindowsPowerShell\v1.0\;C:\WINDOWS\System32\OpenSSH\;C:\Program Files\nodejs\;C:\ProgramData\chocolatey\bin;C:\xampp\php;C:\ProgramData\ComposerSetup\bin;C:\Program Files\Git\cmd;C:\Program Files\Docker\Docker\resources\bin;C:\Program Files (x86)\Google\Cloud SDK\google-cloud-sdk\bin;C:\Program Files\PuTTY\;C:\Users\hp\Downloads\ngrok-v3-stable-windows-amd64;C:\Program Files\Java\jdk-17\bin;C:\Users\hp\AppData\Local\Packages\PythonSoftwareFoundation.Python.3.12_qbz5n2kfra8p0\LocalCache\local-packages\Python312\Scripts;C:\Users\hp\AppData\Local\Android\Sdk\platform-tools;C:\Users\hp\AppData\Local\Android\Sdk\tools;C:\Users\hp\AppData\Local\Programs\Python\Launcher\;C:\Users\hp\AppData\Local\Microsoft\WindowsApps;C:\Program Files\JetBrains\IntelliJ IDEA Community Edition 2024.1.1\bin;;C:\Users\hp\AppData\Local\atom\bin;C:\Users\hp\AppData\Roaming\npm;C:\Users\hp\AppData\Roaming\Composer\vendor\bin;C:\Users\hp\AppData\Local\Programs\Microsoft VS Code\bin;C:\Program Files\JetBrains\PyCharm 2024.1.4\bin;;C:\Program Files\JetBrains\PyCharm Community Edition 2024.1.4\bin;;C:\Users\hp\AppData\Local\Programs\mongosh\;C:\Users\hp\AppData\Local\Yarn\bin;C:\Users\hp\AppData\Local\Micro
USERNAME=hp
OS=Windows_NT
PROCESSOR_IDENTIFIER=Intel64 Family 6 Model 154 Stepping 4, GenuineIntel



---------------  S Y S T E M  ---------------

OS:
 Windows 11 , 64 bit Build 26100 (10.0.26100.3912)
OS uptime: 1 days 10:12 hours
Hyper-V role detected

CPU: total 12 (initial active 12) (6 cores per cpu, 2 threads per core) family 6 model 154 stepping 4 microcode 0x42c, cx8, cmov, fxsr, ht, mmx, 3dnowpref, sse, sse2, sse3, ssse3, sse4.1, sse4.2, popcnt, lzcnt, tsc, tscinvbit, avx, avx2, aes, erms, clmul, bmi1, bmi2, adx, sha, fma, vzeroupper, clflush, clflushopt, clwb, hv

Memory: 4k page, system-wide physical 7860M (51M free)
TotalPageFile size 32436M (AvailPageFile size 148M)
current process WorkingSet (physical memory assigned to process): 329M, peak: 424M
current process commit charge ("private bytes"): 928M, peak: 1113M

vm_info: Java HotSpot(TM) 64-Bit Server VM (17.0.12+8-LTS-286) for windows-amd64 JRE (17.0.12+8-LTS-286), built on Jun  5 2024 06:46:59 by "mach5one" with MS VC++ 17.6 (VS2022)

END.
